category_name,name,photo,url
Experimental,A black and white photo of a city,A_black_and_white_photo_of_a_city_ccb1bcc68a798002f7ca3fdbc18a385d8214665b.jpg,https://unsplash.com/photos/a-black-and-white-photo-of-a-city--7dyA1G_Si0
Film,A herd of sheep grazing on a lush green field,A_herd_of_sheep_grazing_on_a_lush_green_field_069386b47b2fe22afda1ab1d587ec1327dc81f22.jpg,https://unsplash.com/photos/a-herd-of-sheep-grazing-on-a-lush-green-field-BAeLJw3JxwY
Animals,a small blue bird perched on a tree branch,a_small_blue_bird_perched_on_a_tree_branch_22ac28aa91748097226b4ab8c0d4ec0c3973cc9a.jpg,https://unsplash.com/photos/a-small-blue-bird-perched-on-a-tree-branch-6aW3k8--NH8
Architecture & Interiors,A bed sitting in a bedroom next to a window,A_bed_sitting_in_a_bedroom_next_to_a_window_c34b146250b15371ec2ffd9f7e7faea5093215f7.jpg,https://unsplash.com/photos/a-bed-sitting-in-a-bedroom-next-to-a-window-99y2qSLexys
Photos,A close up of an orange and white swirl,A_close_up_of_an_orange_and_white_swirl_d9561ead08c14c14f60b76606e8cdf6b474fa602.jpg,https://unsplash.com/photos/a-close-up-of-an-orange-and-white-swirl-ake_QvXo0fo
Nature,A close up of a plant with brown leaves,A_close_up_of_a_plant_with_brown_leaves_1ed0c7565ad98937e95b8cc0e10a40cccd6fdf5e.jpg,https://unsplash.com/photos/a-close-up-of-a-plant-with-brown-leaves-0Uc9vT1ll_c
Photos,top view of succulent,top_view_of_succulent_603b4de7a83803d15f19ed351316601afdcc985f.jpg,https://unsplash.com/photos/top-view-of-succulent-E82BeOL6L2Y
Night,a view of a city at night from across the water,a_view_of_a_city_at_night_from_across_the_water_0abb388b9ac78b542ad85c1b381c2b5ab915d288.jpg,https://unsplash.com/photos/a-view-of-a-city-at-night-from-across-the-water-Z5jU7e86u_Y
Photos,A close up of a wall made up of rows of blue and white tiles,A_close_up_of_a_wall_made_up_of_rows_of_blue_and_white_tiles_3967d209546b297038c0fb6e827c630943d05084.jpg,https://unsplash.com/photos/a-close-up-of-a-wall-made-up-of-rows-of-blue-and-white-tiles-ndusUeN95uA
Photos,A person riding a bike on a foggy day,A_person_riding_a_bike_on_a_foggy_day_0b7aa9f1e2a7542b8e9c31b55311a07eb99d76c1.jpg,https://unsplash.com/photos/a-person-riding-a-bike-on-a-foggy-day-sKblQPITnSA
Business & Work,A man on a roof working on a building,A_man_on_a_roof_working_on_a_building_d4578550b720c31438757bb8c5cce08e5e6611c4.jpg,https://unsplash.com/photos/a-man-on-a-roof-working-on-a-building-W_b_jf9iq_s
Street Photography,A group of people walking down a street next to tall buildings,A_group_of_people_walking_down_a_street_next_to_tall_buildings_ee3e0c5ac59a355d199f6ff8ebb5b22bb9be9577.jpg,https://unsplash.com/photos/a-group-of-people-walking-down-a-street-next-to-tall-buildings-xlykthWXgs4
Textures & Patterns,a white room with a ladder in the middle of it,a_white_room_with_a_ladder_in_the_middle_of_it_cdce454bed85a2aa3a650caf0f06e3af78ee5ea3.jpg,https://unsplash.com/photos/a-white-room-with-a-ladder-in-the-middle-of-it-zGOLmOjd_Lg
Sports,A blurry photo of a man running on a field,A_blurry_photo_of_a_man_running_on_a_field_76093b15fd90c509f68563b5aff37ff3c40873c5.jpg,https://unsplash.com/photos/a-blurry-photo-of-a-man-running-on-a-field-UmjYh4U3gTI
Spirituality,A large cathedral with a clock on the front of it,A_large_cathedral_with_a_clock_on_the_front_of_it_5db38cd7884641866acdab5b28d05c612938c6de.jpg,https://unsplash.com/photos/a-large-cathedral-with-a-clock-on-the-front-of-it-XMxu9wTm26k
Health & Wellness,A bedroom with a bed and a mirror,A_bedroom_with_a_bed_and_a_mirror_4451c2a112741bdb376a8727756879c96f35a4b4.jpg,https://unsplash.com/photos/a-bedroom-with-a-bed-and-a-mirror-HdCHDNVo2ms
Archival,NoNameFound,NoNameFound_e14c22eb52771575c593893db79505bdac2eed81.jpg,https://unsplash.com/photos/jCHSYpoFue8
Archival,NoNameFound,NoNameFound_3611dada77e0ac10e3726aefa3bcf45fdab79c3f.jpg,https://unsplash.com/photos/KFRS0B2q05I
Archival,NoNameFound,NoNameFound_9a6a2a7c0cd6fc7d92520a474de55f5df8a8c6e3.jpg,https://unsplash.com/photos/KAmu3bxFryE
Archival,a picture of some fruit in a blue circle,a_picture_of_some_fruit_in_a_blue_circle_05ed2ef05dbeb07f83507ff57dbf5304b4774178.jpg,https://unsplash.com/photos/a-picture-of-some-fruit-in-a-blue-circle-po_2LOOk9h0
Archival,diagram,diagram_7b751841542ef9e14605ae68c439be518a313a7f.jpg,https://unsplash.com/photos/diagram-DFm-bLh2yN8
Archival,NoNameFound,NoNameFound_6ce9fb1a3e74c224c330775730d456bad064eb14.jpg,https://unsplash.com/photos/GG32oo2I4Qg
Archival,a set of four stained glass windows in a building,a_set_of_four_stained_glass_windows_in_a_building_af7d775bcfae7dd6f8ef40035f8f1a435ca51bf1.jpg,https://unsplash.com/photos/a-set-of-four-stained-glass-windows-in-a-building-Y6htzjnNZDw
Photos,angel in blue dress painting,angel_in_blue_dress_painting_ce23002c747a707705bdb060576dd437f84713c1.jpg,https://unsplash.com/photos/angel-in-blue-dress-painting-JZdPBgU6Nik
Archival,NoNameFound,NoNameFound_411e19ed352d7e701595fc4b9a97f5f7e18cf624.jpg,https://unsplash.com/photos/2x0G1Hrh9lE
Archival,a drawing of a vase and a mushroom on a table,a_drawing_of_a_vase_and_a_mushroom_on_a_table_19a9b8428f2f9d5235f255953d64fae88a08cb9d.jpg,https://unsplash.com/photos/a-drawing-of-a-vase-and-a-mushroom-on-a-table-vjOJBQ2Dfvc
Photos,a black and white photo of a boy at an amusement park,a_black_and_white_photo_of_a_boy_at_an_amusement_park_14700c9cc7dc74a0631ce6ea18620fee6c57b6bd.jpg,https://unsplash.com/photos/a-black-and-white-photo-of-a-boy-at-an-amusement-park-KpKRIxuKP8M
Archival,NoNameFound,NoNameFound_49fa2d031f82901b3591ac6c8994f3c38fccbbe4.jpg,https://unsplash.com/photos/PafC1TbC978
Archival,NoNameFound,NoNameFound_acb52aff1fcf3f6cbe40803cd4b555e6c355a8e5.jpg,https://unsplash.com/photos/Qv3iyuhMkJ8
Archival,NoNameFound,NoNameFound_4f5eb10b6fcd8e5ef9046d208dcb2a3d3ee8f3d9.jpg,https://unsplash.com/photos/tSr5zOikcsI
Photos,A drawing of a man floating in the water,A_drawing_of_a_man_floating_in_the_water_04e97c738615a46a183b48eec040140abc58b33b.jpg,https://unsplash.com/photos/a-drawing-of-a-man-floating-in-the-water-DsPfysQ4CAg
Archival,NoNameFound,NoNameFound_4bedcadc398c45a383033dd30159adcb228c7d7e.jpg,https://unsplash.com/photos/UdrVbzB8wn0
Archival,NoNameFound,NoNameFound_1f1316e6d6f8fa2bd4af534019561fab912e9638.jpg,https://unsplash.com/photos/wPRBuPQwzoo
Archival,a black and white drawing of a cathedral,a_black_and_white_drawing_of_a_cathedral_1c31893714ee97955b9b2515580cf7f66ac0cd6d.jpg,https://unsplash.com/photos/a-black-and-white-drawing-of-a-cathedral-2XyHdnQN7L0
Photos,A person reaching out of a window with their hand,A_person_reaching_out_of_a_window_with_their_hand_d43b52782323530cb10c3e308628734a4b60cda0.jpg,https://unsplash.com/photos/a-person-reaching-out-of-a-window-with-their-hand-dojbCAzOf5w
Health & Wellness,A woman holding a leaf in her hands,A_woman_holding_a_leaf_in_her_hands_363df783c7ea922bf3b9aacf61291bb060bfb767.jpg,https://unsplash.com/photos/a-woman-holding-a-leaf-in-her-hands-Zqz7wHrDtJc
Health & Wellness,A pile of pineapples sitting next to each other,A_pile_of_pineapples_sitting_next_to_each_other_ad4d01f347a141da67676cb7a04b00a7f9527432.jpg,https://unsplash.com/photos/a-pile-of-pineapples-sitting-next-to-each-other-xEYLu2zDeb8
Health & Wellness,A group of people walking down a dirt road,A_group_of_people_walking_down_a_dirt_road_7577442c5c760802dd9a4cd53bce38c52b51d27b.jpg,https://unsplash.com/photos/a-group-of-people-walking-down-a-dirt-road-0PwWDi3U6w8
Archival,NoNameFound,NoNameFound_431c9670587bef5c58efe2173c4c0d558b5eae76.jpg,https://unsplash.com/photos/4ZR8wrWATRs
Health & Wellness,A man standing in front of a group of blue and yellow eyes,A_man_standing_in_front_of_a_group_of_blue_and_yellow_eyes_4f33654f6c597adb2fbd17a259ad86b02a1798b6.jpg,https://unsplash.com/illustrations/a-man-standing-in-front-of-a-group-of-blue-and-yellow-eyes-ssCRU4w921k
Health & Wellness,A table set for a formal dinner with a lit candle,A_table_set_for_a_formal_dinner_with_a_lit_candle_052fdd9ce3c432050c6c91c4cb37ea8012c6b4d1.jpg,https://unsplash.com/photos/a-table-set-for-a-formal-dinner-with-a-lit-candle-Ro_TUH1cgA8
Photos,Tall grass blowing in the wind under a blue sky,Tall_grass_blowing_in_the_wind_under_a_blue_sky_3d937c1b8182460ac7edf64671cfeed02666c166.jpg,https://unsplash.com/photos/tall-grass-blowing-in-the-wind-under-a-blue-sky-1pYJ8xwpRts
Health & Wellness,A cup of coffee sitting on top of a bed next to a pillow,A_cup_of_coffee_sitting_on_top_of_a_bed_next_to_a_pillow_9c332a787475da8c57b530203932bf431031450a.jpg,https://unsplash.com/photos/a-cup-of-coffee-sitting-on-top-of-a-bed-next-to-a-pillow-UQMwvPvnVt8
Health & Wellness,A man swimming in the ocean with a surfboard,A_man_swimming_in_the_ocean_with_a_surfboard_06ec7055ef41d9aca7a308ecf03b3ef73032f2fe.jpg,https://unsplash.com/photos/a-man-swimming-in-the-ocean-with-a-surfboard-rn_A62lhGh8
Health & Wellness,A sea shell sitting on top of a white surface,A_sea_shell_sitting_on_top_of_a_white_surface_d8e6e0330b58f53d11e980379a788a95be47cbaf.jpg,https://unsplash.com/photos/a-sea-shell-sitting-on-top-of-a-white-surface-Zsg-degitEU
Health & Wellness,A man riding a kiteboard on top of a wave,A_man_riding_a_kiteboard_on_top_of_a_wave_654a52eab63bbc86102f51f447f3780ce2c51b58.jpg,https://unsplash.com/photos/a-man-riding-a-kiteboard-on-top-of-a-wave-vwYNhaE1EJA
People,Mother holding her baby indoors,Mother_holding_her_baby_indoors_3ab34eece7d1f555f8944f87f8f0d783771677fc.jpg,https://unsplash.com/photos/mother-holding-her-baby-indoors-TWXgR00Ur1Y
Health & Wellness,A cup of coffee sitting on top of a wooden table,A_cup_of_coffee_sitting_on_top_of_a_wooden_table_b1b7a931a39c0a72c4d7a984685937051369d5b8.jpg,https://unsplash.com/photos/a-cup-of-coffee-sitting-on-top-of-a-wooden-table-vLiInMgfgWg
Health & Wellness,A large white object floating on top of a body of water,A_large_white_object_floating_on_top_of_a_body_of_water_f8c117c09ce8d518dc973dee0a58782ffef95f92.jpg,https://unsplash.com/photos/a-large-white-object-floating-on-top-of-a-body-of-water-Rn7v0kMUXpg
Health & Wellness,A bunch of flowers that are in the grass,A_bunch_of_flowers_that_are_in_the_grass_79ca1816e48cd0ab969c44583021dbd483e8529e.jpg,https://unsplash.com/photos/a-bunch-of-flowers-that-are-in-the-grass-eAaPL2j8ygw
Health & Wellness,A person with a red balloon on their head,A_person_with_a_red_balloon_on_their_head_de89d58d501b4d9a022c4514922fde445d69ac6d.jpg,https://unsplash.com/illustrations/a-person-with-a-red-balloon-on-their-head-fN0yp1VtpA8
Spirituality,A stone block with the word god written on it,A_stone_block_with_the_word_god_written_on_it_c12e05586741a28c585ba39d28fcbc35266e46a5.jpg,https://unsplash.com/photos/a-stone-block-with-the-word-god-written-on-it-bEOem8Q8WHs
Spirituality,A church with pews and a round mirror,A_church_with_pews_and_a_round_mirror_339effc707d031f47e7465500391de77e1a54e06.jpg,https://unsplash.com/photos/a-church-with-pews-and-a-round-mirror-ldc8W-vM_n0
Photos,a group of white boxes sitting on top of each other,a_group_of_white_boxes_sitting_on_top_of_each_other_71dcfc52585d25ced50f81dda397ed6a8b364311.jpg,https://unsplash.com/photos/a-group-of-white-boxes-sitting-on-top-of-each-other-vEefkmwUdeg
Photos,a small building in a field,a_small_building_in_a_field_29a9878aeeeffdeb386b5b289b7b2f9140b84f16.jpg,https://unsplash.com/photos/a-small-building-in-a-field-hJ_mn_8FX0I
Spirituality,A bunch of ribbons hanging from a tree,A_bunch_of_ribbons_hanging_from_a_tree_1006e5a11ac3fd7dc93d28bb5454a00c329a0648.jpg,https://unsplash.com/photos/a-bunch-of-ribbons-hanging-from-a-tree-au9k0iXJwHc
Spirituality,A row of lit candles sitting on top of a table,A_row_of_lit_candles_sitting_on_top_of_a_table_7b7842cc919561a4a905f6cc6d884ba64c1e0002.jpg,https://unsplash.com/photos/a-row-of-lit-candles-sitting-on-top-of-a-table-bf_GcFvD6nc
Photos,white and brown church under white clouds during daytime,white_and_brown_church_under_white_clouds_during_daytime_f4546c3fb03b7e4d05089fda02de48815a9703d8.jpg,https://unsplash.com/photos/white-and-brown-church-under-white-clouds-during-daytime-TsMuMM_qVec
Photos,a woman sitting on the floor in front of a rock,a_woman_sitting_on_the_floor_in_front_of_a_rock_85e681dbf6957c689943bbd43d7f90234f172141.jpg,https://unsplash.com/photos/a-woman-sitting-on-the-floor-in-front-of-a-rock-0fvOfPOfV1g
Spirituality,man and woman standing near wall,man_and_woman_standing_near_wall_bee3d2322e613593c834c6be5b2c9d64e13ecc91.jpg,https://unsplash.com/photos/man-and-woman-standing-near-wall-87KKLBw0aXs
Spirituality,a woman holding a box with candles in it,a_woman_holding_a_box_with_candles_in_it_f77d5279c7258c364b5ffe7343d1f5b69b70652f.jpg,https://unsplash.com/photos/a-woman-holding-a-box-with-candles-in-it-GamXHKOfyik
Spirituality,A man standing on top of a hill looking at the sun,A_man_standing_on_top_of_a_hill_looking_at_the_sun_4aa3536adaf7180c4afff176d317bcc565ec17dc.jpg,https://unsplash.com/photos/a-man-standing-on-top-of-a-hill-looking-at-the-sun-_ZygnIkzzsw
Health & Wellness,Two people reaching up into the air to catch a frisbee,Two_people_reaching_up_into_the_air_to_catch_a_frisbee_5a6fe621df403fdcd01c3ea9101128aa68140189.jpg,https://unsplash.com/photos/two-people-reaching-up-into-the-air-to-catch-a-frisbee-G56XL64sBSI
Photos,person sitting by the table opening book,person_sitting_by_the_table_opening_book_b8cf27c89daff4a6a09a0fc6031750c195d33c2b.jpg,https://unsplash.com/photos/person-sitting-by-the-table-opening-book-1-YQiOijio8
Photos,white light bulb turned on during nighttime,white_light_bulb_turned_on_during_nighttime_9b1d4da8c918447e573a3605a451690242c4917f.jpg,https://unsplash.com/photos/white-light-bulb-turned-on-during-nighttime-tYRM7Q6kBII
Photos,Holy Bible on Psalm 97:2 page,Holy_Bible_on_Psalm_97:2_page_c275e87d211ba38c462147b90d65dae68ec23b37.jpg,https://unsplash.com/photos/holy-bible-on-psalm-972-page-mf_WgHHlGSg
Photos,a woman holding a rosary in her hands,a_woman_holding_a_rosary_in_her_hands_8d987b4515109d62cf6a5c186a9621e5e129ffee.jpg,https://unsplash.com/photos/a-woman-holding-a-rosary-in-her-hands-Di7Eg6FJGXA
Photos,chapel under starry sky,chapel_under_starry_sky_820e3c7c1f1760cac15624221b2165fce6084b50.jpg,https://unsplash.com/photos/chapel-under-starry-sky-Y3WEhjQivTI
Photos,man in gray dress shirt sitting on chair,man_in_gray_dress_shirt_sitting_on_chair_4e1e0babe919dcc8212e181cd0a5eff340d01384.jpg,https://unsplash.com/photos/man-in-gray-dress-shirt-sitting-on-chair-rNd_P5R7kE0
Health & Wellness,A person riding a surfboard on a wave in the ocean,A_person_riding_a_surfboard_on_a_wave_in_the_ocean_2c1b7378ba96ce5fefc23aadbb8072de59f938b8.jpg,https://unsplash.com/photos/a-person-riding-a-surfboard-on-a-wave-in-the-ocean-XRyV3tBDJU8
Sports,A man is balancing a soccer ball on his head,A_man_is_balancing_a_soccer_ball_on_his_head_3b277a6c2438daf0849c6f5904990ade528648bb.jpg,https://unsplash.com/photos/a-man-is-balancing-a-soccer-ball-on-his-head-bNVq5OEzYgY
Photos,aerial photo of tennis court surrounded with trees,aerial_photo_of_tennis_court_surrounded_with_trees_116b6ad6f5d4a206bdf9d234039cf5971c1ff15f.jpg,https://unsplash.com/photos/aerial-photo-of-tennis-court-surrounded-with-trees-qjrjJnFypa0
Sports,a baseball field with a bat and a ball,a_baseball_field_with_a_bat_and_a_ball_c60c9eaedebe0a2ccc327aadf6e4ec871d30616e.jpg,https://unsplash.com/photos/a-baseball-field-with-a-bat-and-a-ball-uJjlziLrq9I
Photos,closeup photo of white golf ball,closeup_photo_of_white_golf_ball_5e74f05a00fac5bac658c0826d46b2a7cd7b7807.jpg,https://unsplash.com/photos/closeup-photo-of-white-golf-ball-uy5ZEqUOscs
Photos,empty green and orange tennis fields,empty_green_and_orange_tennis_fields_9e069197ffc1b5d069119b586374bd4e93cc9935.jpg,https://unsplash.com/photos/empty-green-and-orange-tennis-fields-Iz34u6goHPE
Photos,a man hitting a golf ball with a golf club,a_man_hitting_a_golf_ball_with_a_golf_club_0a92376b4ad11752fd61d002eb763235b97d5ce0.jpg,https://unsplash.com/photos/a-man-hitting-a-golf-ball-with-a-golf-club-Eqe3A0zLEgw
Sports,A person swimming in the ocean near rocks,A_person_swimming_in_the_ocean_near_rocks_bc19439794109e28021ba9e5a9210287a07e44eb.jpg,https://unsplash.com/photos/a-person-swimming-in-the-ocean-near-rocks-Xnk1RUgrEj4
Sports,A person windsurfing in the ocean on a cloudy day,A_person_windsurfing_in_the_ocean_on_a_cloudy_day_2f633fa8ec1468ff3c10db3314d0d5d2cb6f8503.jpg,https://unsplash.com/photos/a-person-windsurfing-in-the-ocean-on-a-cloudy-day-uSUDrExbThE
Photos,man surfing,man_surfing_5b5c9599b267045c0aa1bf70b65a17962602a6bf.jpg,https://unsplash.com/photos/man-surfing-m-qps7eYZl4
Sports,blue and white metal chain,blue_and_white_metal_chain_52a0229fab05b15d352449d616f309be9201b92e.jpg,https://unsplash.com/photos/blue-and-white-metal-chain-xeYEAvDdUqU
Sports,person surfboarding on huge wave during daytime,person_surfboarding_on_huge_wave_during_daytime_91730f4fbf5d69dc0ea41b33eb159b02e8578b26.jpg,https://unsplash.com/photos/person-surfboarding-on-huge-wave-during-daytime-OZ3o43kCFo0
Photos,man in black wet suit surfing on sea waves during daytime,man_in_black_wet_suit_surfing_on_sea_waves_during_daytime_dfaecaed6a745848f0657728c5c3ceccf81c961c.jpg,https://unsplash.com/photos/man-in-black-wet-suit-surfing-on-sea-waves-during-daytime-6fiRnDWxQMw
Photos,A man standing on top of a grass covered hillside,A_man_standing_on_top_of_a_grass_covered_hillside_15b34d8ee58feabc9bd64fa3e61729e36ee79f95.jpg,https://unsplash.com/photos/a-man-standing-on-top-of-a-grass-covered-hillside-4StES1hWBdY
Sports,A yellow kayak sitting on top of a lush green field,A_yellow_kayak_sitting_on_top_of_a_lush_green_field_aca8624e150ea442df37b4c882010b07ae242cee.jpg,https://unsplash.com/photos/a-yellow-kayak-sitting-on-top-of-a-lush-green-field-goNpNa2l-ig
Sports,Man kayaker paddling the kayak at sunset sea.,Man_kayaker_paddling_the_kayak_at_sunset_sea._71cff833582727ca25f178eba24d1639f11ecd8d.jpg,https://unsplash.com/photos/man-kayaker-paddling-the-kayak-at-sunset-sea--0uj8BjSIG8
Sports,A couple of people in a boat on a body of water,A_couple_of_people_in_a_boat_on_a_body_of_water_9d58bb5ce0261998951928e301ca1794cfe9480f.jpg,https://unsplash.com/photos/a-couple-of-people-in-a-boat-on-a-body-of-water-JvO8dKbVT4M
Sports,a white canoe sitting on the shore of a lake,a_white_canoe_sitting_on_the_shore_of_a_lake_fee20ac80161c29d5e8d0aec6af1ab30c6d8570d.jpg,https://unsplash.com/photos/a-white-canoe-sitting-on-the-shore-of-a-lake-YcfTyk1Q1ZE
Sports,a person rowing a boat on a body of water,a_person_rowing_a_boat_on_a_body_of_water_bb2b4704002e990f4c2f91218f021ac5a15c8724.jpg,https://unsplash.com/photos/a-person-rowing-a-boat-on-a-body-of-water-XD-TcKXSUp0
Textures & Patterns,A close up of a bunch of flowers,A_close_up_of_a_bunch_of_flowers_ec83bd2737debc65b67a95f1d1c3c7ce7c58dd09.jpg,https://unsplash.com/photos/a-close-up-of-a-bunch-of-flowers-un0-zkKYMMA
Photos,a black and white photo of clouds in the sky,a_black_and_white_photo_of_clouds_in_the_sky_086b150dfad682a4ef797d9a2a3486e2b8c02ea0.jpg,https://unsplash.com/photos/a-black-and-white-photo-of-clouds-in-the-sky-JkT7p3MKNwg
Textures & Patterns,"Abstract organic shape seamless pattern with colorful trendy freehand doodles. Modern flat cartoon background, simple nature shapes in bright colors.","Abstract_organic_shape_seamless_pattern_with_colorful_trendy_freehand_doodles._Modern_flat_cartoon_background,_simple_nature_shapes_in_bright_colors._a87bafbf53816b135a8b3a5784a1b5075158824e.jpg",https://unsplash.com/illustrations/abstract-organic-shape-seamless-pattern-with-colorful-trendy-freehand-doodles-modern-flat-cartoon-background-simple-nature-shapes-in-bright-colors-V3KBknuXi4g
Textures & Patterns,A picture of some flowers and leaves on a white background,A_picture_of_some_flowers_and_leaves_on_a_white_background_0c79c8ceaeaf6f9c43b839d8c50814a08ced69bf.jpg,https://unsplash.com/illustrations/a-picture-of-some-flowers-and-leaves-on-a-white-background-oubIYDQpHHM
Textures & Patterns,An airplane is flying in front of a tall building,An_airplane_is_flying_in_front_of_a_tall_building_8b064f3b20f2f34f74737d73f37898d8f322119a.jpg,https://unsplash.com/photos/an-airplane-is-flying-in-front-of-a-tall-building-9hmPR20nqi4
Photos,A bouquet of pink flowers sitting on top of a table,A_bouquet_of_pink_flowers_sitting_on_top_of_a_table_da979a1379dba16c33b5c960d3903c75aa099798.jpg,https://unsplash.com/photos/a-bouquet-of-pink-flowers-sitting-on-top-of-a-table-Cphqe0ABBPA
Textures & Patterns,A black and white photo of a vase with flowers in it,A_black_and_white_photo_of_a_vase_with_flowers_in_it_d71b5f2046927a0b1d150b8596adcf1b8505ea15.jpg,https://unsplash.com/photos/a-black-and-white-photo-of-a-vase-with-flowers-in-it-AEObRYH-SkA
Photos,A man riding a snowboard down a snow covered slope,A_man_riding_a_snowboard_down_a_snow_covered_slope_7822eedc9d5d9cd9958773b92ad58a998f0ef652.jpg,https://unsplash.com/photos/a-man-riding-a-snowboard-down-a-snow-covered-slope-gpp6ryvpdhY
Photos,A close up of an orange flower with a blurry background,A_close_up_of_an_orange_flower_with_a_blurry_background_2504d30f0d80cb4bf8fc601d54144001f53f2af6.jpg,https://unsplash.com/photos/a-close-up-of-an-orange-flower-with-a-blurry-background-Dk73Vli6eCs
Textures & Patterns,A very tall building with lots of windows,A_very_tall_building_with_lots_of_windows_11f84123889e5360fe6b3f0c99849d59803403c3.jpg,https://unsplash.com/photos/a-very-tall-building-with-lots-of-windows-7KFzllwgHQ8
Textures & Patterns,A blurry photo of a tree in a field,A_blurry_photo_of_a_tree_in_a_field_de8403458703ff4cdd2fcfd29b408afca4dc33fb.jpg,https://unsplash.com/photos/a-blurry-photo-of-a-tree-in-a-field-DP2bTzXisWw
Photos,An aerial view of a large pipe coming out of the ground,An_aerial_view_of_a_large_pipe_coming_out_of_the_ground_23a80937bba1550ec870395ca00611225429913a.jpg,https://unsplash.com/photos/an-aerial-view-of-a-large-pipe-coming-out-of-the-ground-6OVtn7Aq4iw
Textures & Patterns,A close up of a bed with a blanket on top of it,A_close_up_of_a_bed_with_a_blanket_on_top_of_it_be17170013a8d792b768033c5dedc7b2bf6dbfc9.jpg,https://unsplash.com/photos/a-close-up-of-a-bed-with-a-blanket-on-top-of-it-w4rmetzL1_s
Textures & Patterns,A very tall building with lots of windows,A_very_tall_building_with_lots_of_windows_c731bd6ac6f8f276a2292c1708be4eb66ca77692.jpg,https://unsplash.com/photos/a-very-tall-building-with-lots-of-windows-FKoec8NcflU
Textures & Patterns,A very tall building with lots of scaffolding on it,A_very_tall_building_with_lots_of_scaffolding_on_it_5b609fa6610484e8896a8ef8be3901686eab6444.jpg,https://unsplash.com/photos/a-very-tall-building-with-lots-of-scaffolding-on-it-jEKph2ZmRXY
Textures & Patterns,A vase with a plant in it on a table,A_vase_with_a_plant_in_it_on_a_table_f0b968b03826233f24bb66ba7003f5e23d43a78b.jpg,https://unsplash.com/photos/a-vase-with-a-plant-in-it-on-a-table-z6OlZlakr90
Textures & Patterns,A close up of the corner of a brick building,A_close_up_of_the_corner_of_a_brick_building_3f1f7e62ea86f647f0584cf55d8b22ace9135b01.jpg,https://unsplash.com/photos/a-close-up-of-the-corner-of-a-brick-building-x47ytmtfQUE
Street Photography,A group of people walking around a large building,A_group_of_people_walking_around_a_large_building_000145b5c087873d53f67dc320a31f8228e6151c.jpg,https://unsplash.com/photos/a-group-of-people-walking-around-a-large-building-ex0NwRBs3Fg
Textures & Patterns,A bunch of different types of presents on a black background,A_bunch_of_different_types_of_presents_on_a_black_background_9780d5bfab0aac5716fc78892b9520afc3a9a052.jpg,https://unsplash.com/illustrations/a-bunch-of-different-types-of-presents-on-a-black-background-QoCsCGF4nC4
Street Photography,A blurry photo of a person looking out a window,A_blurry_photo_of_a_person_looking_out_a_window_94e04d46a926a4c1ef50b72aff35b5e3b62b09c2.jpg,https://unsplash.com/photos/a-blurry-photo-of-a-person-looking-out-a-window-U4ptMbbL3xM
Street Photography,A black and white photo of a train with three windows,A_black_and_white_photo_of_a_train_with_three_windows_da1f02abd01fd4e356a50300d54bb34aeeb0e98e.jpg,https://unsplash.com/photos/a-black-and-white-photo-of-a-train-with-three-windows-ny9FJokOofg
Street Photography,A man walking down a street next to tall buildings,A_man_walking_down_a_street_next_to_tall_buildings_14a187b5858325c1c12788bb328b21007adbf68a.jpg,https://unsplash.com/photos/a-man-walking-down-a-street-next-to-tall-buildings-DTyRjiBtb-w
Film,A man riding a motorcycle down a street holding a bag,A_man_riding_a_motorcycle_down_a_street_holding_a_bag_1b8562ef943bd203d9bfeb90a0c45e25243d372f.jpg,https://unsplash.com/photos/a-man-riding-a-motorcycle-down-a-street-holding-a-bag-dBrxt0GKiDo
Film,A person standing next to a tall pillar in a train station,A_person_standing_next_to_a_tall_pillar_in_a_train_station_b3091a99b11471544e717c58748c72f1e826eb1c.jpg,https://unsplash.com/photos/a-person-standing-next-to-a-tall-pillar-in-a-train-station-M0DbPuajHAI
Street Photography,A silhouette of a person standing in front of a building,A_silhouette_of_a_person_standing_in_front_of_a_building_b93c1118ff9aa93aba173538bb86631fd5d209d5.jpg,https://unsplash.com/photos/a-silhouette-of-a-person-standing-in-front-of-a-building-kbCSXhuY9iM
Street Photography,a person standing in front of a gate,a_person_standing_in_front_of_a_gate_84eaecc5be38b312d0fd4aaa587d3294ce270e97.jpg,https://unsplash.com/photos/a-person-standing-in-front-of-a-gate-1WVJsty4ehw
Street Photography,A city street with a tall tower in the background,A_city_street_with_a_tall_tower_in_the_background_27ea2689f4c2ff63bacc29da33ba3bbd67fbc99c.jpg,https://unsplash.com/photos/a-city-street-with-a-tall-tower-in-the-background-d3rEKt2a198
Street Photography,A person walking down a sidewalk next to a tall building,A_person_walking_down_a_sidewalk_next_to_a_tall_building_02fc99c6424e781477ce2222c8c9ce5c5d0b431a.jpg,https://unsplash.com/photos/a-person-walking-down-a-sidewalk-next-to-a-tall-building-b5KEK4He_4U
Street Photography,A city street filled with traffic next to tall buildings,A_city_street_filled_with_traffic_next_to_tall_buildings_710633b203db8597a72e45efc68c3c285e34cf2c.jpg,https://unsplash.com/photos/a-city-street-filled-with-traffic-next-to-tall-buildings-ybk2WyE6CGs
Street Photography,A woman walking down a sidewalk next to parked bikes,A_woman_walking_down_a_sidewalk_next_to_parked_bikes_3b90face041d23a931ad08b0c6e4129f0d30c2eb.jpg,https://unsplash.com/photos/a-woman-walking-down-a-sidewalk-next-to-parked-bikes-YsEyBKY22Fo
Street Photography,Two people walking down a street at night,Two_people_walking_down_a_street_at_night_55518808c811b293e71213f179aa1c3de3a5600a.jpg,https://unsplash.com/photos/two-people-walking-down-a-street-at-night-aBpFtvPXfI4
Street Photography,A house with a tree in front of it,A_house_with_a_tree_in_front_of_it_2e5a8ebf8ce1484ae3e3e7fa4c210fa66ee2198f.jpg,https://unsplash.com/photos/a-house-with-a-tree-in-front-of-it-XPNoaKdFsec
Street Photography,A woman walking up a flight of stairs,A_woman_walking_up_a_flight_of_stairs_8b9fbbbb1cc3d148e9c978f469d2e76627e6dc43.jpg,https://unsplash.com/photos/a-woman-walking-up-a-flight-of-stairs-frFHR4z-v-I
Street Photography,An aerial view of a city with tall buildings,An_aerial_view_of_a_city_with_tall_buildings_46e8bbd69ba8a118fd35be3b535994df0b20b8ff.jpg,https://unsplash.com/photos/an-aerial-view-of-a-city-with-tall-buildings-qYfxWKiAV2A
Street Photography,A close up of a rain covered window,A_close_up_of_a_rain_covered_window_5f62520bb3266846152672f1ee92333269b90d7f.jpg,https://unsplash.com/photos/a-close-up-of-a-rain-covered-window-W0K-0o776x4
Street Photography,A person standing in a dark room looking out a window,A_person_standing_in_a_dark_room_looking_out_a_window_e74abaae2dbbd1775a520be7ab9b976e9cc7f007.jpg,https://unsplash.com/photos/a-person-standing-in-a-dark-room-looking-out-a-window-T8uRDl32e4o
Business & Work,a woman sitting at a table using a laptop computer,a_woman_sitting_at_a_table_using_a_laptop_computer_bbbcacaeed69da67be7eb82d714fea09a2dd14ff.jpg,https://unsplash.com/photos/a-woman-sitting-at-a-table-using-a-laptop-computer-SLCX54NDXjQ
Photos,A man standing in front of a store filled with lots of flowers,A_man_standing_in_front_of_a_store_filled_with_lots_of_flowers_0d4154c55cb33e15131b3967e6ec06e1864ab0ca.jpg,https://unsplash.com/photos/a-man-standing-in-front-of-a-store-filled-with-lots-of-flowers-Ff4t30p3ICA
Business & Work,A coffee shop with a counter and chairs,A_coffee_shop_with_a_counter_and_chairs_68e11163b712e2e578abe6bab1cb56e284474f09.jpg,https://unsplash.com/photos/a-coffee-shop-with-a-counter-and-chairs-FUHRgV7Pjr8
Photos,A row of stools sitting in front of a bar,A_row_of_stools_sitting_in_front_of_a_bar_5a54029a83669d8a1d85d15f3ec8be59a8cb072a.jpg,https://unsplash.com/photos/a-row-of-stools-sitting-in-front-of-a-bar-P87Wbq-0HsA
Architecture & Interiors,A room filled with lots of wooden chairs and tables,A_room_filled_with_lots_of_wooden_chairs_and_tables_15395293d5bb096f3d858d512a6e2302f83a4260.jpg,https://unsplash.com/photos/a-room-filled-with-lots-of-wooden-chairs-and-tables-9bi4ilWgMmU
Business & Work,A bike hanging from the ceiling of a store,A_bike_hanging_from_the_ceiling_of_a_store_02ae688d73f993e4be98d0d42689dd2190ff9225.jpg,https://unsplash.com/photos/a-bike-hanging-from-the-ceiling-of-a-store-u8w5OdRFPn8
Business & Work,A group of people sitting at tables in a room,A_group_of_people_sitting_at_tables_in_a_room_00430d65a29a6976dfe70734f97942f4c68535ee.jpg,https://unsplash.com/photos/a-group-of-people-sitting-at-tables-in-a-room-xpS8zgZVPjE
Photos,a laptop on a table,a_laptop_on_a_table_9cc560d0ffbb489e94cf9b7979921d15f10e431e.jpg,https://unsplash.com/photos/a-laptop-on-a-table-7cHA62PmwhQ
Photos,a person typing on a laptop on a wooden desk,a_person_typing_on_a_laptop_on_a_wooden_desk_8347b77002af557cc5560eded1bea0f4cd813716.jpg,https://unsplash.com/photos/a-person-typing-on-a-laptop-on-a-wooden-desk-EifTZNI5XF8
Business & Work,a woman sitting at a table with candles on it,a_woman_sitting_at_a_table_with_candles_on_it_d90bb530225b483158e3071cf4da16090f7b03b3.jpg,https://unsplash.com/photos/a-woman-sitting-at-a-table-with-candles-on-it-kXxUjgNTFBo
Business & Work,A man standing on top of a hill holding a camera,A_man_standing_on_top_of_a_hill_holding_a_camera_e823fc547f285e3b5e7e9b2b6a376e52fcbb2c35.jpg,https://unsplash.com/photos/a-man-standing-on-top-of-a-hill-holding-a-camera-3c7WtedmGw0
Business & Work,A blurry photo of a man walking past a bakery,A_blurry_photo_of_a_man_walking_past_a_bakery_76459bc76100bfe061ea45fe658788d619944d17.jpg,https://unsplash.com/photos/a-blurry-photo-of-a-man-walking-past-a-bakery-SwL41TvxBgQ
Business & Work,A man standing on top of a lush green hillside,A_man_standing_on_top_of_a_lush_green_hillside_2cd2d20c24caf75c84a5718c996233457c81ee65.jpg,https://unsplash.com/photos/a-man-standing-on-top-of-a-lush-green-hillside-jt6CFZYZUMk
Business & Work,A woman sitting at a desk with a laptop computer,A_woman_sitting_at_a_desk_with_a_laptop_computer_c84b09a522ca6e87f23312385a414816c0157d84.jpg,https://unsplash.com/photos/a-woman-sitting-at-a-desk-with-a-laptop-computer-u2ImeXQkEIU
Business & Work,A large room filled with lots of metal tanks,A_large_room_filled_with_lots_of_metal_tanks_804ed3a64f0e9e6a065affd76bce51897a981d30.jpg,https://unsplash.com/photos/a-large-room-filled-with-lots-of-metal-tanks-eEpdd4xGzeo
Business & Work,A store front with a chair and potted plants,A_store_front_with_a_chair_and_potted_plants_5a1e9c85382d2f2bdd6cd309a2edd7f2172299e0.jpg,https://unsplash.com/photos/a-store-front-with-a-chair-and-potted-plants-0BKZnn3G53c
Business & Work,A group of people standing around a fruit stand,A_group_of_people_standing_around_a_fruit_stand_d3ceab9792109d9645340014246825697077cbb8.jpg,https://unsplash.com/photos/a-group-of-people-standing-around-a-fruit-stand-oT8vEa7o0os
Business & Work,A man sitting in a chair with his head in his hands,A_man_sitting_in_a_chair_with_his_head_in_his_hands_9ea80f33b1c6f8d26ee9203f491b3b17c4da8bd1.jpg,https://unsplash.com/photos/a-man-sitting-in-a-chair-with-his-head-in-his-hands-73IEAUljOfU
Business & Work,A person typing on an old fashioned typewriter,A_person_typing_on_an_old_fashioned_typewriter_bb3833c5bc209a3bcd47cc631b7621556248c21e.jpg,https://unsplash.com/photos/a-person-typing-on-an-old-fashioned-typewriter-1jKuk_t8wzQ
Current Events,a lone tree in the middle of a grassy field,a_lone_tree_in_the_middle_of_a_grassy_field_5a024d2eb208ecd15a8ae5ea72afbeeca0b0cbeb.jpg,https://unsplash.com/photos/a-lone-tree-in-the-middle-of-a-grassy-field-KyJAygTGQ4Q
Photos,Two iphones side by side on a gray background,Two_iphones_side_by_side_on_a_gray_background_829880829185185400635fcae41a7a5987ccb806.jpg,https://unsplash.com/photos/two-iphones-side-by-side-on-a-gray-background-lDWTfYhZ85w
Current Events,A group of people standing around a fire pit,A_group_of_people_standing_around_a_fire_pit_01addb6b05f3d7b7739c2123500e46d174b93f3d.jpg,https://unsplash.com/photos/a-group-of-people-standing-around-a-fire-pit-bO6K14Dojnc
Photos,A crowd of people watching a fireworks display,A_crowd_of_people_watching_a_fireworks_display_a6ffae92f84d938eec1bf8830698162d52573d5e.jpg,https://unsplash.com/photos/a-crowd-of-people-watching-a-fireworks-display-WSqnY1B4Tlg
Illustrations,A woman sitting in front of a microphone in front of a TV,A_woman_sitting_in_front_of_a_microphone_in_front_of_a_TV_97fa9485ff89c1cdaf3c4f4d1e655069cc38b11d.jpg,https://unsplash.com/illustrations/a-woman-sitting-in-front-of-a-microphone-in-front-of-a-tv-SAad7bGaFmU
Current Events,A person in a costume with feathers on their head,A_person_in_a_costume_with_feathers_on_their_head_811447a073ea39e8b8ce5e7eb95670db837aa39a.jpg,https://unsplash.com/photos/a-person-in-a-costume-with-feathers-on-their-head-jCzG7JKCbf0
Current Events,NoNameFound,NoNameFound_93224492c56378a1180ee7a0ff323fbd36875406.jpg,https://unsplash.com/photos/_aRbraP1Mlk
Photos,the american flag is waving in the wind,the_american_flag_is_waving_in_the_wind_003653508c06ad7e61271067923fd35bde859d9c.jpg,https://unsplash.com/photos/the-american-flag-is-waving-in-the-wind-qIvlgxV0zHg
Current Events,A long metal fence in the middle of a desert,A_long_metal_fence_in_the_middle_of_a_desert_e524cc57a997c3d392ee4af4d72dae6621ee193a.jpg,https://unsplash.com/photos/a-long-metal-fence-in-the-middle-of-a-desert-YHB4mkgRvDQ
Current Events,A building with a glass roof and a tree in front of it,A_building_with_a_glass_roof_and_a_tree_in_front_of_it_62db71eabaceab9c49b6d8a578b58ea81e2c121b.jpg,https://unsplash.com/photos/a-building-with-a-glass-roof-and-a-tree-in-front-of-it-30IYcsk0bHg
Photos,"Front view portrait of man voter in polling place, usa elections concept.","Front_view_portrait_of_man_voter_in_polling_place,_usa_elections_concept._d0463874b96234206f9b0be74c02576874afb291.jpg",https://unsplash.com/photos/front-view-portrait-of-man-voter-in-polling-place-usa-elections-concept-xMXqkKHFBfA
Photos,gold-colored Trump high-rise building between of two gold-colored buildings,gold-colored_Trump_high-rise_building_between_of_two_gold-colored_buildings_54cedf5ffe5321a3f94168603e1d57f88a2c9da0.jpg,https://unsplash.com/photos/gold-colored-trump-high-rise-building-between-of-two-gold-colored-buildings-d51z3ydr7Yw
Photos,person in blue and white nike sneakers,person_in_blue_and_white_nike_sneakers_ca265c75ebdee43b6e649d2cca50eb05bbfd7a4a.jpg,https://unsplash.com/photos/person-in-blue-and-white-nike-sneakers-kEg6JzwqoZE
Photos,"a bunch of red, white and blue balloons with the words vote written on them","a_bunch_of_red,_white_and_blue_balloons_with_the_words_vote_written_on_them_cfa2f922db2b04516a18b0fe13f2ffdab51f5e14.jpg",https://unsplash.com/photos/a-bunch-of-red-white-and-blue-balloons-with-the-words-vote-written-on-them-wvfnjw9yhRs
Current Events,President Donald Trump,President_Donald_Trump_db89ff623498d53fb450038495d484625842304a.jpg,https://unsplash.com/photos/president-donald-trump-jPN_oglAjOU
Current Events,A close up of a window with a sticker on it,A_close_up_of_a_window_with_a_sticker_on_it_7a330ead9a1201f0f69bc1a68f4281beb757e7e6.jpg,https://unsplash.com/photos/a-close-up-of-a-window-with-a-sticker-on-it-AAt3vU2xQpw
Current Events,A large group of people sitting around candles,A_large_group_of_people_sitting_around_candles_98e186e71ba2f929d184e2f847241ae625043311.jpg,https://unsplash.com/photos/a-large-group-of-people-sitting-around-candles-wGWkmgnSq2U
Current Events,a man holding a sign that says hate won't make america great,a_man_holding_a_sign_that_says_hate_won't_make_america_great_a2d4577f3d17dc8373051eaf3ddc89777f1a54fb.jpg,https://unsplash.com/photos/a-man-holding-a-sign-that-says-hate-wont-make-america-great-Cd3S4RagZn4
Current Events,A group of people with backpacks and shovels in the woods,A_group_of_people_with_backpacks_and_shovels_in_the_woods_88ba90157f10e2ead0a09381e911a3521dd14b57.jpg,https://unsplash.com/photos/a-group-of-people-with-backpacks-and-shovels-in-the-woods-srKR5P-Mh0E
Photos,A woman standing on a sidewalk in front of a movie poster,A_woman_standing_on_a_sidewalk_in_front_of_a_movie_poster_bee3245556c466e3f6c9f221355f5ef21bd237f0.jpg,https://unsplash.com/photos/a-woman-standing-on-a-sidewalk-in-front-of-a-movie-poster-eXj6l_R83hc
Rising Stars,A close up of the front end of a car,A_close_up_of_the_front_end_of_a_car_2254a17ecd83186ad2376b05911e325756c29ec8.jpg,https://unsplash.com/photos/a-close-up-of-the-front-end-of-a-car-7dvne_i9Icc
Rising Stars,A couple of people walking across a bridge,A_couple_of_people_walking_across_a_bridge_a8ad19bf381725aa35b3ebae83814c92cac19a2a.jpg,https://unsplash.com/photos/a-couple-of-people-walking-across-a-bridge-Ip61Tj1x38Y
Rising Stars,A woman in a jean jacket posing for a picture,A_woman_in_a_jean_jacket_posing_for_a_picture_38a568384bba5c0ba49f5b82f89d2d840d4b6c6c.jpg,https://unsplash.com/photos/a-woman-in-a-jean-jacket-posing-for-a-picture-K5lMooRsSiA
Rising Stars,A man and a woman standing next to each other,A_man_and_a_woman_standing_next_to_each_other_3ccdb5b53441dd0df825d2f7494b0bff38c9c8c4.jpg,https://unsplash.com/photos/a-man-and-a-woman-standing-next-to-each-other-IwVB9L3CgJ4
Rising Stars,a clock on the side of a building with columns,a_clock_on_the_side_of_a_building_with_columns_9831e159c00e451d3dc3492341277ccbd266b8e3.jpg,https://unsplash.com/photos/a-clock-on-the-side-of-a-building-with-columns-UO0p1SQLvMM
Photos,A man riding a scooter down a street next to a traffic light,A_man_riding_a_scooter_down_a_street_next_to_a_traffic_light_b1d9e4072fc9ead292eef459a41a989ca0a4a365.jpg,https://unsplash.com/photos/a-man-riding-a-scooter-down-a-street-next-to-a-traffic-light-mXPws5UiEYI
Rising Stars,A rock formation in the ocean with the sun setting behind it,A_rock_formation_in_the_ocean_with_the_sun_setting_behind_it_53f61ca19be8d3c922433fe709a4ee5614188fcf.jpg,https://unsplash.com/photos/a-rock-formation-in-the-ocean-with-the-sun-setting-behind-it-KQHDkUYf8Qc
Rising Stars,a person holding a red maple leaf in their hand,a_person_holding_a_red_maple_leaf_in_their_hand_34d63b43c90a2a93d5179016822b951e223fd9b8.jpg,https://unsplash.com/photos/a-person-holding-a-red-maple-leaf-in-their-hand-byaiEsauqko
Rising Stars,An open door leading to a lush green yard,An_open_door_leading_to_a_lush_green_yard_df94452851dcd736ed5a1120cf53ba094263ae38.jpg,https://unsplash.com/photos/an-open-door-leading-to-a-lush-green-yard-aKHDvgY17v0
3D Renders,A green and black background with wavy lines,A_green_and_black_background_with_wavy_lines_3e0b8e56b6a17ae5f369f660a6c855212640edea.jpg,https://unsplash.com/photos/a-green-and-black-background-with-wavy-lines-6e48Kk1dLzE
Rising Stars,A street with a mountain in the background,A_street_with_a_mountain_in_the_background_7321ee1c79eb20d9147f30ca79254ae5557feef0.jpg,https://unsplash.com/photos/a-street-with-a-mountain-in-the-background-Eqr-7Av--hk
Rising Stars,An old fashioned pay phone on a brick wall,An_old_fashioned_pay_phone_on_a_brick_wall_923b425472559a8a1be3196db0e158010660b983.jpg,https://unsplash.com/photos/an-old-fashioned-pay-phone-on-a-brick-wall-jxkJP6wMNHc
Rising Stars,A graffiti covered building with a blue car parked in front of it,A_graffiti_covered_building_with_a_blue_car_parked_in_front_of_it_d3d4d8e4aff8c87d05dffebb1fc7c7247dd8212e.jpg,https://unsplash.com/photos/a-graffiti-covered-building-with-a-blue-car-parked-in-front-of-it--9KE3XuZJT8
Textures & Patterns,A row of red seats in a theater,A_row_of_red_seats_in_a_theater_258d0cb18687a867fd74fdac9e77d83fb476997c.jpg,https://unsplash.com/photos/a-row-of-red-seats-in-a-theater-zCaHjCk-p8M
Rising Stars,pink flowers are blooming on the branches of a tree,pink_flowers_are_blooming_on_the_branches_of_a_tree_fbf04777a75e2ef56544079dfae84ae016fa64d8.jpg,https://unsplash.com/photos/pink-flowers-are-blooming-on-the-branches-of-a-tree-l4F7521IS_M
Rising Stars,a black and white photo of a building with columns,a_black_and_white_photo_of_a_building_with_columns_5adc7e4e789646f29c2a546f2284b4c165a51a92.jpg,https://unsplash.com/photos/a-black-and-white-photo-of-a-building-with-columns-pHSVpjpOX_g
Rising Stars,A group of people standing in front of the washington monument,A_group_of_people_standing_in_front_of_the_washington_monument_6632aa65d21036e4ceb742ce8493c0097a7b937d.jpg,https://unsplash.com/photos/a-group-of-people-standing-in-front-of-the-washington-monument-FHEzblqMLRc
Rising Stars,A group of people walking down a hallway,A_group_of_people_walking_down_a_hallway_98d4bc273e49d69d34c048f2be627e9ca819bd5f.jpg,https://unsplash.com/photos/a-group-of-people-walking-down-a-hallway-1WYBxbbidG0
Night,a blurry photo of a city at night,a_blurry_photo_of_a_city_at_night_a6bdd446e2f4a092f7227e4d5e8d1a13e028cbf4.jpg,https://unsplash.com/photos/a-blurry-photo-of-a-city-at-night-9MF6u4NJKZ4
Night,A long exposure photo of a bridge at night,A_long_exposure_photo_of_a_bridge_at_night_87fd1800789a98f9b37890a0f7062edcba7f15e7.jpg,https://unsplash.com/photos/a-long-exposure-photo-of-a-bridge-at-night-WKxEmtSqy7s
Night,a very tall building with a clock on it's side,a_very_tall_building_with_a_clock_on_it's_side_3b124a975cdc520522c747ea488f856de532a97c.jpg,https://unsplash.com/photos/a-very-tall-building-with-a-clock-on-its-side-QTCudCrW4aI
Night,a city at night,a_city_at_night_6a9cc6440462918873180e4d09f9aedd25fe3093.jpg,https://unsplash.com/photos/a-city-at-night-NBSn_96NPjI
Photos,an aerial view of a city at night,an_aerial_view_of_a_city_at_night_08e76b853dd4a2f5de7dbb42ef5ee0f44992dfa3.jpg,https://unsplash.com/photos/an-aerial-view-of-a-city-at-night-dAwf6NiQc3U
Night,A man with a mask on standing in front of a building,A_man_with_a_mask_on_standing_in_front_of_a_building_75629023aee96ace728535ad821d67d3278d05e8.jpg,https://unsplash.com/photos/a-man-with-a-mask-on-standing-in-front-of-a-building-VP8xCenIQ5w
Night,A neon sign that is on the side of a building,A_neon_sign_that_is_on_the_side_of_a_building_943f3e02802653fc13df3fd94549baa492226c1c.jpg,https://unsplash.com/photos/a-neon-sign-that-is-on-the-side-of-a-building-V9TfKVWt4Kc
Night,A person walking down a street at night,A_person_walking_down_a_street_at_night_c49bd6bf0e42a2ed4e6275d4c046adf5b3adad96.jpg,https://unsplash.com/photos/a-person-walking-down-a-street-at-night-oETbFbZ1Nkw
Night,A view of a city at night from the top of a hill,A_view_of_a_city_at_night_from_the_top_of_a_hill_1112746c719e9149d5f0e783a28ba4c595b5192f.jpg,https://unsplash.com/photos/a-view-of-a-city-at-night-from-the-top-of-a-hill-gUNs-DuQMaw
Night,A man standing on a bridge looking at the water,A_man_standing_on_a_bridge_looking_at_the_water_bb6b3c410d64f33afa17b6a22a35c6d2367b6880.jpg,https://unsplash.com/photos/a-man-standing-on-a-bridge-looking-at-the-water-o-Cyv0pUPnI
Photos,a person standing next to a graffiti covered wall,a_person_standing_next_to_a_graffiti_covered_wall_0a58e1c7d032230188e647a0bc084d5c8f7efa5b.jpg,https://unsplash.com/photos/a-person-standing-next-to-a-graffiti-covered-wall-IDHwg82Vt_8
Night,time lapse photography of cars on road during night time,time_lapse_photography_of_cars_on_road_during_night_time_29cdc7922d68b2f34df36061bc9afd3121029396.jpg,https://unsplash.com/photos/time-lapse-photography-of-cars-on-road-during-night-time-fV3KviC655o
Photos,red and white concrete building during night time,red_and_white_concrete_building_during_night_time_fa925ac40855f926a82ab8b90e6ce15ddedc357b.jpg,https://unsplash.com/photos/red-and-white-concrete-building-during-night-time-1wMGopWyGnw
Night,A night time view of a town and mountains,A_night_time_view_of_a_town_and_mountains_012d9b853e9f1ea78309855bbe7e5b73bb7ed607.jpg,https://unsplash.com/photos/a-night-time-view-of-a-town-and-mountains-XcWjOsocNqg
Night,A tent pitched up in the grass under a night sky filled with stars,A_tent_pitched_up_in_the_grass_under_a_night_sky_filled_with_stars_479874b882946fde1174eae6d14aeb11a0c8a617.jpg,https://unsplash.com/photos/a-tent-pitched-up-in-the-grass-under-a-night-sky-filled-with-stars-zEHo1zTrMrM
Night,A night view of a city with a lot of tall buildings,A_night_view_of_a_city_with_a_lot_of_tall_buildings_c6f1f7c623fce04a7a3aa86665724ce149812411.jpg,https://unsplash.com/photos/a-night-view-of-a-city-with-a-lot-of-tall-buildings-nukV_N41oxo
Photos,the night sky is filled with stars and trees,the_night_sky_is_filled_with_stars_and_trees_d51b8816e5062254018a6b44e6259c5f0deddc6c.jpg,https://unsplash.com/photos/the-night-sky-is-filled-with-stars-and-trees-EZ-8F58W478
Night,A row of white arches with a reflection in the water,A_row_of_white_arches_with_a_reflection_in_the_water_ec39a232cd7c66e1bbadf145c4acbd6a2d23784b.jpg,https://unsplash.com/photos/a-row-of-white-arches-with-a-reflection-in-the-water-X5_f0kargzs
Night,A very tall building that is lit up at night,A_very_tall_building_that_is_lit_up_at_night_020ae8c62783c6c8dee7fb644c29cba7c8e1d374.jpg,https://unsplash.com/photos/a-very-tall-building-that-is-lit-up-at-night-Zfi92MwRl3I
Photos,bird's-eye view photography of mountain,bird's-eye_view_photography_of_mountain_95b702605a729e5fc41e21bb3aabfde83690a6c6.jpg,https://unsplash.com/photos/birds-eye-view-photography-of-mountain-Qw3w0oBH63s
Photos,white modern cement building under blue sky,white_modern_cement_building_under_blue_sky_4d8cb47da56a3bb413e7a0dc4376ca6a1baa32e2.jpg,https://unsplash.com/photos/white-modern-cement-building-under-blue-sky-RFDP7_80v5A
Photos,a computer generated image of an abstract design,a_computer_generated_image_of_an_abstract_design_991dead48097d0fd4941acdbe47b5fe40c9618b2.jpg,https://unsplash.com/photos/a-computer-generated-image-of-an-abstract-design-C7lsAjG15GM
Photos,a blue background with wavy lines,a_blue_background_with_wavy_lines_f9c337c87a17e54356555d6908717e3c22828afc.jpg,https://unsplash.com/photos/a-blue-background-with-wavy-lines-7RIdDmteyr0
Wallpapers,a tall white sculpture with a flower on top of it,a_tall_white_sculpture_with_a_flower_on_top_of_it_0850b5a7f5f9b1d0d21458e6a9c77ea00f300c08.jpg,https://unsplash.com/photos/a-tall-white-sculpture-with-a-flower-on-top-of-it-TvPRoYH2V18
Wallpapers,a white abstract background with wavy lines,a_white_abstract_background_with_wavy_lines_bccb9f0d9626c5e2f0426d9a2e80169b4d3bb593.jpg,https://unsplash.com/photos/a-white-abstract-background-with-wavy-lines-iegjOs6vUMo
Wallpapers,a single flower in a glass vase on a table,a_single_flower_in_a_glass_vase_on_a_table_44ead4dfc7e7c6a64a855580b87e7496a5590c39.jpg,https://unsplash.com/photos/a-single-flower-in-a-glass-vase-on-a-table-AObYtLK1COc
Photos,green leafed tree on body of water under starry sky,green_leafed_tree_on_body_of_water_under_starry_sky_78940acde2f1f5519d19892957a5520e2697ced2.jpg,https://unsplash.com/photos/green-leafed-tree-on-body-of-water-under-starry-sky-_WR6tUIAJe8
Wallpapers,A dirt road in the middle of a desert,A_dirt_road_in_the_middle_of_a_desert_92a216aac9d5c53ba0743aee6f3ce2983cfabb86.jpg,https://unsplash.com/photos/a-dirt-road-in-the-middle-of-a-desert-tu9hIK0CLDg
Wallpapers,A blurry photo of a cell phone with a blurry background,A_blurry_photo_of_a_cell_phone_with_a_blurry_background_e5dac78ab0d2e7ff1e878e8c1af86cf01097f99f.jpg,https://unsplash.com/photos/a-blurry-photo-of-a-cell-phone-with-a-blurry-background-okD3TQxIXxw
Wallpapers,A multicolored building with lots of windows,A_multicolored_building_with_lots_of_windows_203719270eaecf0a9a08fbe169e5237bed1e4e42.jpg,https://unsplash.com/photos/a-multicolored-building-with-lots-of-windows-A1Y1KRh9qoU
Wallpapers,a close up of a diamond on a white background,a_close_up_of_a_diamond_on_a_white_background_10e30dcc7318d72d2841118c024d87fc47857bda.jpg,https://unsplash.com/photos/a-close-up-of-a-diamond-on-a-white-background-2z1plcKk7cM
Photos,sea of clouds,sea_of_clouds_18340bfbaaba008e987db783a43696b0281192b0.jpg,https://unsplash.com/photos/sea-of-clouds-OAXYG6NbUuc
Wallpapers,pink and orange paints,pink_and_orange_paints_8f1b8b9db311154453199e5793b9c617eb0b2a5d.jpg,https://unsplash.com/photos/pink-and-orange-paints-zA7I5BtFbvw
Photos,sea of clouds,sea_of_clouds_ff2a42b3eca0e0b53f741588d4040bc9ad9c370d.jpg,https://unsplash.com/photos/sea-of-clouds-pGdKXbqTOQ4
Photos,A futuristic building with a curved roof next to a body of water,A_futuristic_building_with_a_curved_roof_next_to_a_body_of_water_4c67ee6b5f6c83c253057396e2140670704383b9.jpg,https://unsplash.com/photos/a-futuristic-building-with-a-curved-roof-next-to-a-body-of-water-Jl_UviMR5G4
Photos,a bunch of pink and purple balloons floating in the air,a_bunch_of_pink_and_purple_balloons_floating_in_the_air_daa1c14d57db29b648d3f22d9389c0f9f1b7d180.jpg,https://unsplash.com/photos/a-bunch-of-pink-and-purple-balloons-floating-in-the-air-B8ef92J_UyE
Photos,brown leaves,brown_leaves_607e288120226d067c5dbf8ee34cb4928e56492d.jpg,https://unsplash.com/photos/brown-leaves-UfxiGPqpPKI
Photos,the sun is shining through the trees in the forest,the_sun_is_shining_through_the_trees_in_the_forest_d056a46c22c53fcbcd01e27900a63f3e3f258663.jpg,https://unsplash.com/photos/the-sun-is-shining-through-the-trees-in-the-forest-QbDCsB2yCSM
Photos,purple flower field during daytime,purple_flower_field_during_daytime_49e6884e6dd4b85a8a0eaa009a5fbefdf125d85a.jpg,https://unsplash.com/photos/purple-flower-field-during-daytime-HKQVX9_JupM
Nature,a bunch of flowers that are in the grass,a_bunch_of_flowers_that_are_in_the_grass_ebe866a0f28e9a3feb11662aaf654c618badcd90.jpg,https://unsplash.com/photos/a-bunch-of-flowers-that-are-in-the-grass-toj3jHqAoyo
Nature,A red flower with green leaves in the background,A_red_flower_with_green_leaves_in_the_background_52fa457245dd1d2e1e327fca159b2646e9883a6d.jpg,https://unsplash.com/photos/a-red-flower-with-green-leaves-in-the-background-xII47uJwU_0
Nature,A trail in the woods with lots of trees,A_trail_in_the_woods_with_lots_of_trees_a1df8f82d201dd52d07ac806dacd81b6a45abdf0.jpg,https://unsplash.com/photos/a-trail-in-the-woods-with-lots-of-trees-LH9MLCVHV08
Photos,green linear leafed plants,green_linear_leafed_plants_4b8536b348d374270f38b714ec9b51454fc3779c.jpg,https://unsplash.com/photos/green-linear-leafed-plants-jqgsM3B9Fpo
Nature,looking up at tall bamboo trees in a forest,looking_up_at_tall_bamboo_trees_in_a_forest_86de3e4ab61d1abac6b9ea07a482566b6c7d02db.jpg,https://unsplash.com/photos/looking-up-at-tall-bamboo-trees-in-a-forest-v3CkBF6g-mQ
Photos,green leaf photography,green_leaf_photography_6c08b7fdaf688bd8ab165c609015646a3bf44b9d.jpg,https://unsplash.com/photos/green-leaf-photography-9Z1KRIfpBTM
Nature,water droplets on green leaf,water_droplets_on_green_leaf_7c5e51d7031878867e0e09280d583cdfd088729b.jpg,https://unsplash.com/photos/water-droplets-on-green-leaf-MSgLEgdIUiA
Photos,green leaves and white flower,green_leaves_and_white_flower_84cc88fa6e59b3c3aa78c6a062ba26c94d785413.jpg,https://unsplash.com/photos/green-leaves-and-white-flower-kP7eZi-75as
Photos,green plant on white ceramic pot,green_plant_on_white_ceramic_pot_f38f6c9ae663c741ff23b9ba54aed8dbd72f8288.jpg,https://unsplash.com/photos/green-plant-on-white-ceramic-pot-QaGn4bmlim4
Nature,a potted plant sitting on top of a white table,a_potted_plant_sitting_on_top_of_a_white_table_a1c84b1c1ea75896a4efe302a17f61a72ba3a3e5.jpg,https://unsplash.com/photos/a-potted-plant-sitting-on-top-of-a-white-table-IaBsutpK4XY
Nature,A foggy forest filled with lots of trees,A_foggy_forest_filled_with_lots_of_trees_3e99c717aa646da8a837571dd0ae81c41cd9d379.jpg,https://unsplash.com/photos/a-foggy-forest-filled-with-lots-of-trees-upR8raSXvwg
Nature,A plane flying in the sky at sunset,A_plane_flying_in_the_sky_at_sunset_49712f776e312be04fc7a02c456a90f8a8b43b99.jpg,https://unsplash.com/photos/a-plane-flying-in-the-sky-at-sunset-viMzRtv316k
Photos,pink flower in white background,pink_flower_in_white_background_ce984467cc43e66b731bb80cd97876f9b5a51013.jpg,https://unsplash.com/photos/pink-flower-in-white-background-8jTun57jS_U
Photos,selective focus photography of green-leafed plant under golden hour,selective_focus_photography_of_green-leafed_plant_under_golden_hour_09326414fff879d117c6dd13a41750b03e6364fd.jpg,https://unsplash.com/photos/selective-focus-photography-of-green-leafed-plant-under-golden-hour-0uaSThUbRmA
Nature,a blurry photo of flowers on a white background,a_blurry_photo_of_flowers_on_a_white_background_f2c71bd7c98a7e747bd29fe33ee3d1bbdf2ecd5e.jpg,https://unsplash.com/photos/a-blurry-photo-of-flowers-on-a-white-background-qm0wmcQqfa4
Photos,butterfly perched on petaled flower,butterfly_perched_on_petaled_flower_6186ee63c173232937e041dd2d60788e154fd563.jpg,https://unsplash.com/photos/butterfly-perched-on-petaled-flower-qZzJoiKHqmo
3D Renders,A lit up tent sitting in the middle of a forest,A_lit_up_tent_sitting_in_the_middle_of_a_forest_5357d7945242484da884e3c493ad011d2b6c9caf.jpg,https://unsplash.com/photos/a-lit-up-tent-sitting-in-the-middle-of-a-forest-GgpGS_aDSD8
3D Renders,A close up of water with a blurry background,A_close_up_of_water_with_a_blurry_background_b80056cd098be4d3c9cc75f2f5c45b9c9a968ba5.jpg,https://unsplash.com/photos/a-close-up-of-water-with-a-blurry-background-TjGa54Yu1hs
3D Renders,A group of objects sitting on top of a floor,A_group_of_objects_sitting_on_top_of_a_floor_923d59686902b96fa3967f74199c14bd3de356da.jpg,https://unsplash.com/photos/a-group-of-objects-sitting-on-top-of-a-floor-ukhvIKE4mMk
3D Renders,a shelf that has some items on it,a_shelf_that_has_some_items_on_it_598743ab5da2957b40d7b1c6e9c67564ef812714.jpg,https://unsplash.com/photos/a-shelf-that-has-some-items-on-it-uxZUp8ml9n8
3D Renders,A living room with a large window and a rug on the floor,A_living_room_with_a_large_window_and_a_rug_on_the_floor_73aa1c37fb88711a5b8c3ed90deb08b228f41a4d.jpg,https://unsplash.com/photos/a-living-room-with-a-large-window-and-a-rug-on-the-floor-gpT4ewNbtS8
3D Renders,A group of different colored objects on a brown background,A_group_of_different_colored_objects_on_a_brown_background_44c6a8a60912ab55bfb2b2100ea6aabd2df9bdc3.jpg,https://unsplash.com/photos/a-group-of-different-colored-objects-on-a-brown-background-vxNB1xoll9c
3D Renders,A man's head with pills on top of it,A_man's_head_with_pills_on_top_of_it_0f8dac37698efcb48f7a6a17357fd89886509cd6.jpg,https://unsplash.com/photos/a-mans-head-with-pills-on-top-of-it-7DuGDObPt6M
3D Renders,A close up of a white sculpture with curved lines,A_close_up_of_a_white_sculpture_with_curved_lines_26bb9a8a916a0c0ffb7546900fb95db09eb9b153.jpg,https://unsplash.com/photos/a-close-up-of-a-white-sculpture-with-curved-lines-XJaPe_QIGYM
Health & Wellness,A table topped with a vase filled with different types of items,A_table_topped_with_a_vase_filled_with_different_types_of_items_ed02fc42627676697dfdf1c95d32b74d97c8aed2.jpg,https://unsplash.com/photos/a-table-topped-with-a-vase-filled-with-different-types-of-items-PKoNxuyFjb8
3D Renders,A close up of a white wall with a clock on it,A_close_up_of_a_white_wall_with_a_clock_on_it_53fe40662ffa3591cf20541c18830ff403c686e8.jpg,https://unsplash.com/photos/a-close-up-of-a-white-wall-with-a-clock-on-it-tjq5jJztBEw
3D Renders,A close up of a cell phone on a wall,A_close_up_of_a_cell_phone_on_a_wall_e407db6c6b90e37b2589c801c4c5f76998443b15.jpg,https://unsplash.com/photos/a-close-up-of-a-cell-phone-on-a-wall-vBQ1icxQrdw
3D Renders,A green object in the middle of a group of white objects,A_green_object_in_the_middle_of_a_group_of_white_objects_ca325b6a926e669f22de490e4c4e5c9ebcda787c.jpg,https://unsplash.com/photos/a-green-object-in-the-middle-of-a-group-of-white-objects-l-qlocP3FWk
Photos,white and black floral ceramic vase,white_and_black_floral_ceramic_vase_0f5eb6170abcaf3a3a71b84cd32e4bb541f70466.jpg,https://unsplash.com/photos/white-and-black-floral-ceramic-vase-qjvN3006VzY
3D Renders,A close up of a cookie with icing on a white background,A_close_up_of_a_cookie_with_icing_on_a_white_background_65bbece8fa1d234b56156e3556a765c4a5b25ee7.jpg,https://unsplash.com/photos/a-close-up-of-a-cookie-with-icing-on-a-white-background-k2pkn3DLz4Q
3D Renders,A computer generated image of a staircase and a clock,A_computer_generated_image_of_a_staircase_and_a_clock_564955d048fd4850178ee8feebe7544b2023e07f.jpg,https://unsplash.com/photos/a-computer-generated-image-of-a-staircase-and-a-clock-reB1SMLuEDU
3D Renders,"a room with a desk, shelves and vases on the floor","a_room_with_a_desk,_shelves_and_vases_on_the_floor_7a63321ed2f9863b639e0a2e8fc50e2ee433f324.jpg",https://unsplash.com/photos/a-room-with-a-desk-shelves-and-vases-on-the-floor-_Py60zqearg
3D Renders,A person is opening a box on a table,A_person_is_opening_a_box_on_a_table_69e6e42b6806d8de257d1ca5903f4fe3e8355311.jpg,https://unsplash.com/photos/a-person-is-opening-a-box-on-a-table-OOEviy7pDmk
3D Renders,A couple of candles sitting on top of a table,A_couple_of_candles_sitting_on_top_of_a_table_a15b39ec55e9abe914ce43c62e0c19c8ccd67737.jpg,https://unsplash.com/photos/a-couple-of-candles-sitting-on-top-of-a-table-qoYXbL-gee4
3D Renders,A computer generated image of a house on a hill,A_computer_generated_image_of_a_house_on_a_hill_2644b244e7ddb70f1f3850e969daeea0d1b0ab03.jpg,https://unsplash.com/photos/a-computer-generated-image-of-a-house-on-a-hill-UO16Wnlr6dg
Photos,A white building with a tree in front of it,A_white_building_with_a_tree_in_front_of_it_edab25bf91d7158d1655a3052b75e4edf480f5d9.jpg,https://unsplash.com/photos/a-white-building-with-a-tree-in-front-of-it-lBXCEMSbruc
Architecture & Interiors,A wooden door with rivets on the side of it,A_wooden_door_with_rivets_on_the_side_of_it_4d66725da9d348b696f3ea5000247b1440919619.jpg,https://unsplash.com/photos/a-wooden-door-with-rivets-on-the-side-of-it-UDPqFfA5rgw
Architecture & Interiors,A building that has a curved walkway in front of it,A_building_that_has_a_curved_walkway_in_front_of_it_bca356f333a2bce2f19970d154570def0b56cc86.jpg,https://unsplash.com/photos/a-building-that-has-a-curved-walkway-in-front-of-it-VXF0cCYRdMg
Architecture & Interiors,A very tall building with a clock on it's side,A_very_tall_building_with_a_clock_on_it's_side_767b47d47ea75e0196ec632444a0839644856e6a.jpg,https://unsplash.com/photos/a-very-tall-building-with-a-clock-on-its-side-BU9VjLDLWhE
Photos,white and brown abstract painting,white_and_brown_abstract_painting_e1ca529ad7db560300c70b0999fb0442f7d017c7.jpg,https://unsplash.com/photos/white-and-brown-abstract-painting-OrZxTZ90HqE
Architecture & Interiors,A man in a suit and tie standing in front of a white ceiling,A_man_in_a_suit_and_tie_standing_in_front_of_a_white_ceiling_4b0133bb11d20d3c40156d6fbf8527b0b8519274.jpg,https://unsplash.com/photos/a-man-in-a-suit-and-tie-standing-in-front-of-a-white-ceiling-lt0UJ6RJVfg
Textures & Patterns,A building with many windows and a blue door,A_building_with_many_windows_and_a_blue_door_54e4d3c88e7100096e20f8acf6010a05b771738f.jpg,https://unsplash.com/photos/a-building-with-many-windows-and-a-blue-door-QrLLRo4-qSg
Photos,beige concrete building with green plants,beige_concrete_building_with_green_plants_14207187ec99e5d79ef0257dc1caf876f4dc8919.jpg,https://unsplash.com/photos/beige-concrete-building-with-green-plants-jSVBtxVAV8U
Architecture & Interiors,A tall building with a clock on it's side,A_tall_building_with_a_clock_on_it's_side_4252c839a9733881c032bbd05aca2cdaeb3b453e.jpg,https://unsplash.com/photos/a-tall-building-with-a-clock-on-its-side-gdHWThwquDw
Architecture & Interiors,A canal with several boats in it next to buildings,A_canal_with_several_boats_in_it_next_to_buildings_1c857eb6a3b945628286d2beab5ac8c4e748f7db.jpg,https://unsplash.com/photos/a-canal-with-several-boats-in-it-next-to-buildings-yHabegJ8F4E
Architecture & Interiors,A castle with a clock on the top of it,A_castle_with_a_clock_on_the_top_of_it_e0508a72c01c02a635baa1ac5a6e52ff43aff17d.jpg,https://unsplash.com/photos/a-castle-with-a-clock-on-the-top-of-it-bDJKWlzj1QY
Architecture & Interiors,A narrow alley with benches and lights strung from the ceiling,A_narrow_alley_with_benches_and_lights_strung_from_the_ceiling_f9d782260dc71d86d4776deed86b06cce449a561.jpg,https://unsplash.com/photos/a-narrow-alley-with-benches-and-lights-strung-from-the-ceiling-f9jDulKhUKg
Architecture & Interiors,A red brick building with a barred window,A_red_brick_building_with_a_barred_window_7912de8cc733cacdf3ca6320bc5b65aaabee8f45.jpg,https://unsplash.com/photos/a-red-brick-building-with-a-barred-window-hqJ7K4qibp4
Architecture & Interiors,A row of rooftops with chimneys and tiled roofs,A_row_of_rooftops_with_chimneys_and_tiled_roofs_949966eb0013a65ef8598ab4067746ae7156b69a.jpg,https://unsplash.com/photos/a-row-of-rooftops-with-chimneys-and-tiled-roofs-S5iLpZKcuss
Architecture & Interiors,A group of buildings with thatched roof tops,A_group_of_buildings_with_thatched_roof_tops_80806990757c17dc1a94c053a57fb7e270707bc5.jpg,https://unsplash.com/photos/a-group-of-buildings-with-thatched-roof-tops-6XG1NAZHFqk
Architecture & Interiors,A large red barn sitting on top of a lush green field,A_large_red_barn_sitting_on_top_of_a_lush_green_field_2040c187a6633a22d18988b1900a6b12abd0bfb6.jpg,https://unsplash.com/photos/a-large-red-barn-sitting-on-top-of-a-lush-green-field-X62y1nijt2A
Architecture & Interiors,A red house with a white porch and a brown roof,A_red_house_with_a_white_porch_and_a_brown_roof_7567799e0b7efb4a2e530038133e2a96368e37d0.jpg,https://unsplash.com/photos/a-red-house-with-a-white-porch-and-a-brown-roof-CM5PakSwI-A
Architecture & Interiors,A red brick wall is shown with white trim,A_red_brick_wall_is_shown_with_white_trim_0d217e46f223d2ef695dea25aa4123875fe75c2b.jpg,https://unsplash.com/photos/a-red-brick-wall-is-shown-with-white-trim-IYxP4GXbOPM
Animals,A cat sitting on a ledge next to a potted plant,A_cat_sitting_on_a_ledge_next_to_a_potted_plant_d4380d6f43231fc95404f48ded14a0ef59a1c185.jpg,https://unsplash.com/photos/a-cat-sitting-on-a-ledge-next-to-a-potted-plant-TzFuPoPZE4Q
Animals,a close up of a spider on a branch,a_close_up_of_a_spider_on_a_branch_ed75782ad6de36f13e10ac46d1d343c8657a937a.jpg,https://unsplash.com/photos/a-close-up-of-a-spider-on-a-branch-MduIgHVdr60
Animals,A group of pink flamingos standing next to each other,A_group_of_pink_flamingos_standing_next_to_each_other_1bd4ec73177a405e668b595662e737761b878f8d.jpg,https://unsplash.com/photos/a-group-of-pink-flamingos-standing-next-to-each-other-gr_bbTypcUc
Architecture & Interiors,A large building with a glass ceiling and a clock,A_large_building_with_a_glass_ceiling_and_a_clock_15f0d88e835e9175fa6cb2b89f825ada72671076.jpg,https://unsplash.com/photos/a-large-building-with-a-glass-ceiling-and-a-clock-foI8UDBfaq0
Animals,A man sitting on a rock with a dog,A_man_sitting_on_a_rock_with_a_dog_14443f5aefb99e10167375f4a50212b0c450599a.jpg,https://unsplash.com/illustrations/a-man-sitting-on-a-rock-with-a-dog-0aVDj4agHz8
Animals,NoNameFound,NoNameFound_35eeea5fb574db79b47303b5bb117e6a0f3317e8.jpg,https://unsplash.com/photos/_3r7TdWp9fI
Animals,A man with a cat on his back talking on a cell phone,A_man_with_a_cat_on_his_back_talking_on_a_cell_phone_e4775fbfa888c09d2fe91efe2d51cfec541091cc.jpg,https://unsplash.com/illustrations/a-man-with-a-cat-on-his-back-talking-on-a-cell-phone-QcoQiS-MmLs
Animals,A close up of a bird with a blurry background,A_close_up_of_a_bird_with_a_blurry_background_95744cbd47c0645acc48bb0801054c82ef71c5bc.jpg,https://unsplash.com/photos/a-close-up-of-a-bird-with-a-blurry-background-VV78q2Bznv4
Animals,flock of white and red rooster on green grass field during daytime,flock_of_white_and_red_rooster_on_green_grass_field_during_daytime_70559478e3ff49451d88e30ec711813e3c374d70.jpg,https://unsplash.com/photos/flock-of-white-and-red-rooster-on-green-grass-field-during-daytime-PEzx3drPCrY
Animals,A small orange cat standing on top of a floor,A_small_orange_cat_standing_on_top_of_a_floor_02c81a35345e4f151b371f34eef2ce1164f31ce7.jpg,https://unsplash.com/photos/a-small-orange-cat-standing-on-top-of-a-floor-k8Uz984yZ_k
Animals,A close up of a person holding an owl,A_close_up_of_a_person_holding_an_owl_eadbdf176237b9b6f2bca851b0d3fb84f5ea3de8.jpg,https://unsplash.com/photos/a-close-up-of-a-person-holding-an-owl-w-cRA4hP0ts
Illustrations,A cat with a string of lights around its neck,A_cat_with_a_string_of_lights_around_its_neck_a75e6c24218998bdbbb44765671a9f4542b0f444.jpg,https://unsplash.com/illustrations/a-cat-with-a-string-of-lights-around-its-neck-hAH-Mllfdso
Animals,A dog and a cat sitting on a couch,A_dog_and_a_cat_sitting_on_a_couch_c0f00c2c860dfeeabae159e12c31c0bbec82a8ad.jpg,https://unsplash.com/photos/a-dog-and-a-cat-sitting-on-a-couch-9U-CSWDMrME
Photos,A deer walking across a lake at night,A_deer_walking_across_a_lake_at_night_46b1da0d693993d1627e09939f9fa73d39391e90.jpg,https://unsplash.com/photos/a-deer-walking-across-a-lake-at-night-wa-ktwemeT4
Animals,A brown and white horse standing next to a wire fence,A_brown_and_white_horse_standing_next_to_a_wire_fence_a2e43edae3a3188f43a6bfad8f0d763037b1a2de.jpg,https://unsplash.com/photos/a-brown-and-white-horse-standing-next-to-a-wire-fence-GzzJxTO9DyE
Animals,A bird with a blue head is laying on the grass,A_bird_with_a_blue_head_is_laying_on_the_grass_cb936b77c07c675e43804fb12e0b2fb769cbe1bb.jpg,https://unsplash.com/photos/a-bird-with-a-blue-head-is-laying-on-the-grass-55iH6rp8nFY
Animals,A man sitting on a couch holding a white cat,A_man_sitting_on_a_couch_holding_a_white_cat_8f2bf612c933ff4aa1f00490782f6959919d2e44.jpg,https://unsplash.com/photos/a-man-sitting-on-a-couch-holding-a-white-cat-O3IFyBe8D_4
Animals,A white bird flying over a body of water,A_white_bird_flying_over_a_body_of_water_f295ddf56f7848db6b0f11a0914fc54891f83ed8.jpg,https://unsplash.com/photos/a-white-bird-flying-over-a-body-of-water-aQ1JGhaCdYo
Animals,a small white dog wearing a red coat in the snow,a_small_white_dog_wearing_a_red_coat_in_the_snow_549c8625bba119141fbc45a8bde30de2e241f42c.jpg,https://unsplash.com/photos/a-small-white-dog-wearing-a-red-coat-in-the-snow-Oq5tTaQMdRA
Animals,Closeup of an orange cat,Closeup_of_an_orange_cat_b84aba250af40e982e17123a0a39b4e68526ce50.jpg,https://unsplash.com/photos/closeup-of-an-orange-cat-T1qpP--F-CE
Spirituality,A man standing on top of a lush green hillside,A_man_standing_on_top_of_a_lush_green_hillside_55c682c92a297f040bdb8238b35ea8de60b1335f.jpg,https://unsplash.com/photos/a-man-standing-on-top-of-a-lush-green-hillside-MVw0nlODlUI
Film,A woman walking down a sidewalk next to a window,A_woman_walking_down_a_sidewalk_next_to_a_window_cd02018a436d1e4bcbb2b49039a45d9b5f199ce3.jpg,https://unsplash.com/photos/a-woman-walking-down-a-sidewalk-next-to-a-window-xfTsHZ1BXZ8
Film,A single red flower sitting on top of a rocky hillside,A_single_red_flower_sitting_on_top_of_a_rocky_hillside_36c61a55408c8d159918be8bcb800e3a23b323de.jpg,https://unsplash.com/photos/a-single-red-flower-sitting-on-top-of-a-rocky-hillside-V7ReDWuj2SM
Film,A house with a cactus in front of it,A_house_with_a_cactus_in_front_of_it_aa186b83ebf4d53d367bb167ad7c7ce9bdb7fec7.jpg,https://unsplash.com/photos/a-house-with-a-cactus-in-front-of-it-NaFxygrC06I
Street Photography,A woman walking down a sidewalk in front of a building,A_woman_walking_down_a_sidewalk_in_front_of_a_building_a6b81d40715fc991442f1f2987a816f1fa1a49c8.jpg,https://unsplash.com/photos/a-woman-walking-down-a-sidewalk-in-front-of-a-building-EpaUO7d5oCE
Film,A red truck parked on the side of a road,A_red_truck_parked_on_the_side_of_a_road_9ac19c9d194c43e3af0105b7a891860370b21c22.jpg,https://unsplash.com/photos/a-red-truck-parked-on-the-side-of-a-road-X0Vs4BS2XNs
Film,A desert landscape with a mountain range in the background,A_desert_landscape_with_a_mountain_range_in_the_background_abd94f7d6447abb25cf5f166b9e79ea625122a65.jpg,https://unsplash.com/photos/a-desert-landscape-with-a-mountain-range-in-the-background-NDkTF4D-Xhk
Film,A pink house with palm trees in front of it,A_pink_house_with_palm_trees_in_front_of_it_31999dd93917c2553a4819a94f897c34e74936c8.jpg,https://unsplash.com/photos/a-pink-house-with-palm-trees-in-front-of-it-9emZNrjcdJI
Film,A couple of people walking down a street next to a traffic light,A_couple_of_people_walking_down_a_street_next_to_a_traffic_light_11c95dee7973c51b049a15b347285cc1e107f5c6.jpg,https://unsplash.com/photos/a-couple-of-people-walking-down-a-street-next-to-a-traffic-light-h_uUA23fJGQ
Film,A black and white photo of a large structure,A_black_and_white_photo_of_a_large_structure_9b554909bc45e6c0d34c60cbbf06636c5ce25515.jpg,https://unsplash.com/photos/a-black-and-white-photo-of-a-large-structure--9T26ZIlgBA
Film,A woman is sitting in a chair outside,A_woman_is_sitting_in_a_chair_outside_068b408573c44b7dc17619c3737bc4ed5c12a8c8.jpg,https://unsplash.com/photos/a-woman-is-sitting-in-a-chair-outside-ec6VdKYaBtA
Film,A black and white photo of tall grass,A_black_and_white_photo_of_tall_grass_02e5215f598178c2e9ba46ea2c717dc751e95a70.jpg,https://unsplash.com/photos/a-black-and-white-photo-of-tall-grass-0X53EXWv_kE
Film,A window with a table and chairs in it,A_window_with_a_table_and_chairs_in_it_be021a989ae60464c5f6893d001df4ba745d2979.jpg,https://unsplash.com/photos/a-window-with-a-table-and-chairs-in-it-DaDaUktmXQg
Film,A group of people standing around a large arena,A_group_of_people_standing_around_a_large_arena_5bfea5167a0d9648a3545976c78afaf604980a45.jpg,https://unsplash.com/photos/a-group-of-people-standing-around-a-large-arena-iApjlzb5M_A
Film,A group of people standing on top of a statue,A_group_of_people_standing_on_top_of_a_statue_9d759710de4bcd8f643858727e118fd4818ecbb8.jpg,https://unsplash.com/photos/a-group-of-people-standing-on-top-of-a-statue-SOCRtWJ-8us
Film,A person standing in front of a building,A_person_standing_in_front_of_a_building_3c6f4f365c2a7d9706d5b8df18d4406aff86eef7.jpg,https://unsplash.com/photos/a-person-standing-in-front-of-a-building-h7OqfwvVvCA
Film,A bunch of flowers that are sitting on a bench,A_bunch_of_flowers_that_are_sitting_on_a_bench_91cfd74d43e1e7bd38aeada5e5d38a867cc38737.jpg,https://unsplash.com/photos/a-bunch-of-flowers-that-are-sitting-on-a-bench-aEgcgLGcvOs
Film,a group of fish swimming in a pond,a_group_of_fish_swimming_in_a_pond_0afe5892d78adecc9ce2cb7f261e669f247a553e.jpg,https://unsplash.com/photos/a-group-of-fish-swimming-in-a-pond-OhZCnRN2ZeU
Film,A black and white photo of a field,A_black_and_white_photo_of_a_field_eb11c8444b2ca1cfc3e8861631632015e0385a20.jpg,https://unsplash.com/photos/a-black-and-white-photo-of-a-field-ta3uPurdNQk
Experimental,a black and white photo of a house and trees,a_black_and_white_photo_of_a_house_and_trees_1c2ad87c5f2f27f107dfd826cdd84c09309936de.jpg,https://unsplash.com/photos/a-black-and-white-photo-of-a-house-and-trees-C8HG6ZACfRA
Photos,woman in white shirt with hand on chin,woman_in_white_shirt_with_hand_on_chin_02875a064012b4c152c58cf2d4257dc61b4900df.jpg,https://unsplash.com/photos/woman-in-white-shirt-with-hand-on-chin-fGKPBLaIo14
Photos,a black and white photo of a woman holding a cell phone,a_black_and_white_photo_of_a_woman_holding_a_cell_phone_dc9ee386634e2c753e30b61a45b908ab4395ea7d.jpg,https://unsplash.com/photos/a-black-and-white-photo-of-a-woman-holding-a-cell-phone-3D0Jxa1QSVA
Experimental,A blurry photo of a yellow and purple object,A_blurry_photo_of_a_yellow_and_purple_object_e9b78bf44d14d8b2dea5d659171c0f7cced42620.jpg,https://unsplash.com/photos/a-blurry-photo-of-a-yellow-and-purple-object-BpvVHSWpwQg
Experimental,A person standing in front of a red wall,A_person_standing_in_front_of_a_red_wall_6808d96fc2522ac02ba0d2a04ee316a1b2bf4cd8.jpg,https://unsplash.com/photos/a-person-standing-in-front-of-a-red-wall-QfqlDGQVW6s
Night,A close up of a blue and white light,A_close_up_of_a_blue_and_white_light_948f974000245a43187dc8e8b6d6d714965336a2.jpg,https://unsplash.com/photos/a-close-up-of-a-blue-and-white-light-mDvv2YryVIU
Experimental,a person with blue hair,a_person_with_blue_hair_f456af7fcaee8c3365fcbcd748bfacbd5c45dfa5.jpg,https://unsplash.com/photos/a-person-with-blue-hair-71vnELLpNTo
Photos,a silhouette of a man holding a cell phone,a_silhouette_of_a_man_holding_a_cell_phone_e242fdbf4d22280ffe07b3be069baa99a0ed1458.jpg,https://unsplash.com/photos/a-silhouette-of-a-man-holding-a-cell-phone-zq6UyZjepnA
Archival,NoNameFound,NoNameFound_de3eeed24f672b03275c47d20d4b70a52ac08981.jpg,https://unsplash.com/photos/h3Exq927pi4
Textures & Patterns,A close up of a tree with red berries on it,A_close_up_of_a_tree_with_red_berries_on_it_5a037bb0d90950e680176b8885da4dad471e07ed.jpg,https://unsplash.com/photos/a-close-up-of-a-tree-with-red-berries-on-it-PcJTNk_6VXY
Experimental,A blurry photo of a black background with colorful lines,A_blurry_photo_of_a_black_background_with_colorful_lines_6cfef6388f23d78df98d36bb5ba9323650351c43.jpg,https://unsplash.com/photos/a-blurry-photo-of-a-black-background-with-colorful-lines-OaTUSbSRXgs
Experimental,a man and a woman kissing in the dark,a_man_and_a_woman_kissing_in_the_dark_7698e6f86dce971fd238abe28cb42ea09686d52c.jpg,https://unsplash.com/photos/a-man-and-a-woman-kissing-in-the-dark-2HBoKoZ4750
Photos,red and blue light reflection on water,red_and_blue_light_reflection_on_water_083cc49a8db7321840e8e60a138bf20e35bdb8fa.jpg,https://unsplash.com/photos/red-and-blue-light-reflection-on-water-qmHMSN7sDeI
Photos,a blue and yellow ball,a_blue_and_yellow_ball_513a8a73a809cbe1ed1d43204269e239c36535bc.jpg,https://unsplash.com/photos/a-blue-and-yellow-ball-J5sGRM2iTK4
Experimental,A woman in a black dress with her hair blowing in the wind,A_woman_in_a_black_dress_with_her_hair_blowing_in_the_wind_e6c50e0e2a76dbd005382caef727bfe3ce99e0d9.jpg,https://unsplash.com/photos/a-woman-in-a-black-dress-with-her-hair-blowing-in-the-wind-laLUon9AaFo
Experimental,A man and a woman walking down a street,A_man_and_a_woman_walking_down_a_street_70457c1fd4a2a907a2465dd08969ef74137d08eb.jpg,https://unsplash.com/photos/a-man-and-a-woman-walking-down-a-street-CGpuwXTfH2Y
Experimental,A blurry photo of a fire hydrant,A_blurry_photo_of_a_fire_hydrant_83b470a8b0bb086d7030ee378c9df50cf9bfb5c9.jpg,https://unsplash.com/photos/a-blurry-photo-of-a-fire-hydrant-wlQi4c2Iw6M
Experimental,a blurry photograph of a person with a cell phone,a_blurry_photograph_of_a_person_with_a_cell_phone_e35c5bf5dc9ad41383384d871de60de40d526ba4.jpg,https://unsplash.com/photos/a-blurry-photograph-of-a-person-with-a-cell-phone-_gD4jS0H_QI
Experimental,A man standing in front of a white wall,A_man_standing_in_front_of_a_white_wall_c03671408a619067b65cd89b591603204d3ae3a2.jpg,https://unsplash.com/photos/a-man-standing-in-front-of-a-white-wall-Rg5VOJoJ-sE
Photos,sliced banana fruit and peach,sliced_banana_fruit_and_peach_1112d87de6c6a64853e4788943ede9cedd7ec0e8.jpg,https://unsplash.com/photos/sliced-banana-fruit-and-peach-xUrhkmr35K4
Food & Drink,A table topped with a sandwich and two cups of beer,A_table_topped_with_a_sandwich_and_two_cups_of_beer_054d2d144bbad68f686cfa27ed94a2a025e2f282.jpg,https://unsplash.com/photos/a-table-topped-with-a-sandwich-and-two-cups-of-beer-BRhAlVyeLJk
Food & Drink,A table topped with plates of food and a cup of beer,A_table_topped_with_plates_of_food_and_a_cup_of_beer_69dcce4465eb2c3f51f3d60c22c5b724664c0db7.jpg,https://unsplash.com/photos/a-table-topped-with-plates-of-food-and-a-cup-of-beer-vqFXKOaxg9k
Food & Drink,A table topped with lots of food and drinks,A_table_topped_with_lots_of_food_and_drinks_caf2a598882597faeecc415f9490ee2c4a604ab3.jpg,https://unsplash.com/photos/a-table-topped-with-lots-of-food-and-drinks-DEozOZvPvxw
Food & Drink,a person cooking food on top of a grill,a_person_cooking_food_on_top_of_a_grill_3cd95986b8a9d3c2cee6d356cf6d9203ac319d24.jpg,https://unsplash.com/photos/a-person-cooking-food-on-top-of-a-grill-8rZj5njOFGk
Food & Drink,NoNameFound,NoNameFound_97d8afe2c9e343c4509384db5ce36361ded2ae91.jpg,https://unsplash.com/photos/GiAR33Cl3S4
Food & Drink,"a plate of grapes, apples, cheese, and crackers","a_plate_of_grapes,_apples,_cheese,_and_crackers_ea6148bb96f146214efe0ae2c7cc794558e5677e.jpg",https://unsplash.com/photos/a-plate-of-grapes-apples-cheese-and-crackers-CFrkTfGIm-U
Food & Drink,A table with a bottle of champagne and plates,A_table_with_a_bottle_of_champagne_and_plates_bdc25aaece3631732ed90c79f3994eb5d95e0c5b.jpg,https://unsplash.com/photos/a-table-with-a-bottle-of-champagne-and-plates-VvaYIrM8uO0
Food & Drink,A bowl of fruit and a plate of fruit on the edge of a swimming pool,A_bowl_of_fruit_and_a_plate_of_fruit_on_the_edge_of_a_swimming_pool_86cc57e7a7dc3395e1033cdc26f0240a52d59be3.jpg,https://unsplash.com/photos/a-bowl-of-fruit-and-a-plate-of-fruit-on-the-edge-of-a-swimming-pool-abU1XQMf9Yg
Food & Drink,clear drinking glass on white table,clear_drinking_glass_on_white_table_ef085b6d209ded67efd439f99a49b46b987e1d86.jpg,https://unsplash.com/photos/clear-drinking-glass-on-white-table-unNEXpk_S5E
Food & Drink,A table with plates of food and drinks on it,A_table_with_plates_of_food_and_drinks_on_it_b8549855646e57cde4e770266c39211e88bde272.jpg,https://unsplash.com/photos/a-table-with-plates-of-food-and-drinks-on-it-GcUaWXO4cO4
Food & Drink,A white plate topped with a bowl of soup,A_white_plate_topped_with_a_bowl_of_soup_22f3c40e29e96670bb5cf79e9c908e0970ff3069.jpg,https://unsplash.com/photos/a-white-plate-topped-with-a-bowl-of-soup-Y950vg9rtkE
People,A woman standing in front of a red light,A_woman_standing_in_front_of_a_red_light_50e9767046b5e48c2587b05b7e76556c5cd741cb.jpg,https://unsplash.com/photos/a-woman-standing-in-front-of-a-red-light-8XdnxQSeLSQ
People,A man standing next to a rail with buildings in the background,A_man_standing_next_to_a_rail_with_buildings_in_the_background_0636317ed0426122c4630e037cd55d7842f1f4b6.jpg,https://unsplash.com/photos/a-man-standing-next-to-a-rail-with-buildings-in-the-background-SHwUNL6b05Q
People,A man with a beard smiling at the camera,A_man_with_a_beard_smiling_at_the_camera_e6ee60b2cfdf44236f45538a653a3fbaab2155c4.jpg,https://unsplash.com/photos/a-man-with-a-beard-smiling-at-the-camera-zjlzx5sFAeI
Photos,a house sitting on top of a grass covered hillside next to the ocean,a_house_sitting_on_top_of_a_grass_covered_hillside_next_to_the_ocean_765ede5051250f4c99afe5705dd8bc786bdfb68e.jpg,https://unsplash.com/photos/a-house-sitting-on-top-of-a-grass-covered-hillside-next-to-the-ocean-MXRQifni7yA
Fashion & Beauty,A woman in a white shirt and black skirt,A_woman_in_a_white_shirt_and_black_skirt_7ad44b22f2082816d349cbf74878165a2440ef30.jpg,https://unsplash.com/photos/a-woman-in-a-white-shirt-and-black-skirt-gNL3Wf4k22I
Photos,brown mountain near white clouds,brown_mountain_near_white_clouds_3109147cf4c0ea7fcac3856bb768693eb97bed08.jpg,https://unsplash.com/photos/brown-mountain-near-white-clouds-rgBhpnMn3pE
Photos,white and red 2-storey house,white_and_red_2-storey_house_fbbfcd09735cefd42cbcd1fc9f003fdd0041d104.jpg,https://unsplash.com/photos/white-and-red-2-storey-house-Y_HmUAQJn5k
Photos,brown and white house near brown mountain under white clouds during daytime,brown_and_white_house_near_brown_mountain_under_white_clouds_during_daytime_823a7658e6e40589aff71b51e34022bb8393d7bd.jpg,https://unsplash.com/photos/brown-and-white-house-near-brown-mountain-under-white-clouds-during-daytime-fVCuqfiQxu4
Travel,A foggy landscape with a lake in the foreground,A_foggy_landscape_with_a_lake_in_the_foreground_77699f50af3bcd82429a58e631a05a7a45ae3d84.jpg,https://unsplash.com/photos/a-foggy-landscape-with-a-lake-in-the-foreground-LGOX15iP0u0
Travel,a view of a body of water through a window,a_view_of_a_body_of_water_through_a_window_57af390be47a666b42b1c484d3715ac8f7975787.jpg,https://unsplash.com/photos/a-view-of-a-body-of-water-through-a-window-4bFSiKcfXoc
Travel,A castle sitting on top of a mountain next to a lake,A_castle_sitting_on_top_of_a_mountain_next_to_a_lake_b92b4019c99490dd97f834e88b1866e511d7a5f6.jpg,https://unsplash.com/photos/a-castle-sitting-on-top-of-a-mountain-next-to-a-lake-rwN6GX6fv_8
Travel,A herd of cattle standing on top of a lush green field,A_herd_of_cattle_standing_on_top_of_a_lush_green_field_d8abdd55bb8cc82be04b779d7822457afedfecc9.jpg,https://unsplash.com/photos/a-herd-of-cattle-standing-on-top-of-a-lush-green-field-wc73C79yXOs
Photos,bike leaning against handrail in front of concrete building at daytime,bike_leaning_against_handrail_in_front_of_concrete_building_at_daytime_843aad077458ea1ad7d5f84b7b76005dd36dd7b4.jpg,https://unsplash.com/photos/bike-leaning-against-handrail-in-front-of-concrete-building-at-daytime-Hf4Ap1-ef40
Travel,A couple of people standing on top of a rocky beach,A_couple_of_people_standing_on_top_of_a_rocky_beach_cb4a09793290f3f7309b12402ce6628b6a3c56c0.jpg,https://unsplash.com/photos/a-couple-of-people-standing-on-top-of-a-rocky-beach-uQuBel-5Abw
Photos,"Eiffel Tower, Paris, France","Eiffel_Tower,_Paris,_France_046a708e97a3577455dd861fda6973be38ae50ec.jpg",https://unsplash.com/photos/eiffel-tower-paris-france-XSl6VEp7LFg
Photos,gray landmark building,gray_landmark_building_8a8b1d22bcd67dff22abaafab490a464d8536854.jpg,https://unsplash.com/photos/gray-landmark-building-UO02gAW3c0c
Travel,A statue of an angel on top of a pillar,A_statue_of_an_angel_on_top_of_a_pillar_9b4bf910dd06c68bdf5cbf7478f663df951259c9.jpg,https://unsplash.com/photos/a-statue-of-an-angel-on-top-of-a-pillar-fenakGcqyeM
Travel,brown and white concrete building under white clouds during daytime,brown_and_white_concrete_building_under_white_clouds_during_daytime_f1701989a9e1ceb01e36f933956d6b64ab82c49a.jpg,https://unsplash.com/photos/brown-and-white-concrete-building-under-white-clouds-during-daytime-L03My8WJcN0
Travel,brown wooden table and chairs,brown_wooden_table_and_chairs_96a5001c2ec0cec11b0f1e6f1c1730d0cf58d514.jpg,https://unsplash.com/photos/brown-wooden-table-and-chairs-iH5qFLZS390
Photos,The eiffel tower towering over the city of paris,The_eiffel_tower_towering_over_the_city_of_paris_d258dbbec576031acdd5a8250c6880c010ec3a14.jpg,https://unsplash.com/photos/the-eiffel-tower-towering-over-the-city-of-paris-CUs2Lx5hgDs
Photos,Eiffel Tower Paris,Eiffel_Tower_Paris_fe19d6436a592714a9662f27c5a1c709f1b7a26c.jpg,https://unsplash.com/photos/eiffel-tower-paris-NT1mJPgni6A
Photos,gray and gold-colored telescope on roof,gray_and_gold-colored_telescope_on_roof_c6c4487041e82267ec4e29a6b9f403da7cb2e5d8.jpg,https://unsplash.com/photos/gray-and-gold-colored-telescope-on-roof-bZXQ6zUmqkw
Photos,busy street near Eiffel Tower in Paris during daytime,busy_street_near_Eiffel_Tower_in_Paris_during_daytime_29f34ae5cf49b3e1310b771fbce1cadb2970d204.jpg,https://unsplash.com/photos/busy-street-near-eiffel-tower-in-paris-during-daytime-jpZjopNjtWE
Fashion & Beauty,A woman in a black coat is sitting on the steps,A_woman_in_a_black_coat_is_sitting_on_the_steps_4c1ba4154e35a1c25512c86ce3916a597c690da4.jpg,https://unsplash.com/photos/a-woman-in-a-black-coat-is-sitting-on-the-steps-sMcr_UaKo-Y
Travel,an orange and white building with a balcony and balconies,an_orange_and_white_building_with_a_balcony_and_balconies_e428d8ad437428262cbb6945da144b0cf1deca97.jpg,https://unsplash.com/photos/an-orange-and-white-building-with-a-balcony-and-balconies-cA_6TA80SeI
Fashion & Beauty,A woman leaning against a wall with a building in the background,A_woman_leaning_against_a_wall_with_a_building_in_the_background_b7044caab3b342e7ff02d2e7614667c774e9adf1.jpg,https://unsplash.com/photos/a-woman-leaning-against-a-wall-with-a-building-in-the-background-xl1Sa0qgAew
Fashion & Beauty,A woman sitting on steps with her legs crossed,A_woman_sitting_on_steps_with_her_legs_crossed_ca60a18a10d4e791d3d19286a178428e4f87a29b.jpg,https://unsplash.com/photos/a-woman-sitting-on-steps-with-her-legs-crossed-JFcwjaDNpVQ
Fashion & Beauty,A man in a black coat and red shirt,A_man_in_a_black_coat_and_red_shirt_557023adc12c430e1e1d9a202237bf379d4df895.jpg,https://unsplash.com/photos/a-man-in-a-black-coat-and-red-shirt-e54z7uvah4c
Fashion & Beauty,A woman sitting on a bench in front of a row of white chairs,A_woman_sitting_on_a_bench_in_front_of_a_row_of_white_chairs_77376472b49d96e3b5fb776d3b40a51d5c04ba4d.jpg,https://unsplash.com/photos/a-woman-sitting-on-a-bench-in-front-of-a-row-of-white-chairs-fuseyzjEHqs
Fashion & Beauty,A woman standing in front of a building,A_woman_standing_in_front_of_a_building_ec71d6f7e0454e0f98f4cc7739b1fac7e93e09f0.jpg,https://unsplash.com/photos/a-woman-standing-in-front-of-a-building-gpN0PznNRBU
Fashion & Beauty,A woman walking down a sidewalk carrying a black bag,A_woman_walking_down_a_sidewalk_carrying_a_black_bag_2e75fe75796b01ee2d0696a6d2ab0542b204ad7c.jpg,https://unsplash.com/photos/a-woman-walking-down-a-sidewalk-carrying-a-black-bag-lI8qNcArF78
Fashion & Beauty,A woman standing in front of a metal wall,A_woman_standing_in_front_of_a_metal_wall_d4dc1636b65fef93eac8a3c77ea899aeec3d3c9b.jpg,https://unsplash.com/photos/a-woman-standing-in-front-of-a-metal-wall-X2VFGK7B6Rk
Fashion & Beauty,A man wearing a brown jacket and black hat,A_man_wearing_a_brown_jacket_and_black_hat_8b5b94260526ee67632d70f57e1cefd68c8f56da.jpg,https://unsplash.com/photos/a-man-wearing-a-brown-jacket-and-black-hat-_po6Fwq2Ibo
Photos,A woman with a white shirt and black hair,A_woman_with_a_white_shirt_and_black_hair_7e24d845c24659e8cea23acf1e653ddfde35f2cf.jpg,https://unsplash.com/photos/a-woman-with-a-white-shirt-and-black-hair-zgQnXQRL1w0
Fashion & Beauty,a person leaning against a wall with a teddy bear,a_person_leaning_against_a_wall_with_a_teddy_bear_afeb35e05afbd8d01f9bc043530169d484d64aa2.jpg,https://unsplash.com/photos/a-person-leaning-against-a-wall-with-a-teddy-bear-Ou_qAxGXgAw
Fashion & Beauty,A man sitting on the hood of a car,A_man_sitting_on_the_hood_of_a_car_31b3e00ebccf073d614ab47ac145b8e4bd5cdd67.jpg,https://unsplash.com/photos/a-man-sitting-on-the-hood-of-a-car-wC0R3l1uJAA
Fashion & Beauty,A man in a black suit and glasses posing for a picture,A_man_in_a_black_suit_and_glasses_posing_for_a_picture_db15be7ed092c33b87b98650681d9217952bb461.jpg,https://unsplash.com/photos/a-man-in-a-black-suit-and-glasses-posing-for-a-picture-m_0FdLoRK8c
Fashion & Beauty,A woman with tattoos on her chest and neck,A_woman_with_tattoos_on_her_chest_and_neck_e08d948fd6772300de92ad7083ee1b7fe06d72aa.jpg,https://unsplash.com/photos/a-woman-with-tattoos-on-her-chest-and-neck-zsD5us3WDQQ
Fashion & Beauty,A woman in a white coat smiles at the camera,A_woman_in_a_white_coat_smiles_at_the_camera_e4b41329820f567dcf0803db98e18dee930add1f.jpg,https://unsplash.com/photos/a-woman-in-a-white-coat-smiles-at-the-camera-9esExyP1JS8
Photos,a woman covering her face with a hat,a_woman_covering_her_face_with_a_hat_540b1247b2eb022b651ca816d33e3e5aeb5c74f8.jpg,https://unsplash.com/photos/a-woman-covering-her-face-with-a-hat-qT8vDvHMnUA
Fashion & Beauty,A woman in a leather jacket and sunglasses leaning against a wall,A_woman_in_a_leather_jacket_and_sunglasses_leaning_against_a_wall_48bd435b204f4fbd7e28f701eb8d8f17e22426d6.jpg,https://unsplash.com/photos/a-woman-in-a-leather-jacket-and-sunglasses-leaning-against-a-wall-kS42fe2BEeA
People,A woman standing in front of a building,A_woman_standing_in_front_of_a_building_b2906fd88fc4403f4a6c3e98b35eafc4c007fc0e.jpg,https://unsplash.com/photos/a-woman-standing-in-front-of-a-building-KSQ5O4RMH-c
Fashion & Beauty,person holding black and silver pen,person_holding_black_and_silver_pen_f3de65a96cd39cc6b648a5c14d437305cc1705b0.jpg,https://unsplash.com/photos/person-holding-black-and-silver-pen-YYrp5VZnpRk
People,A man and a woman kissing on the street,A_man_and_a_woman_kissing_on_the_street_9e66424d97501ea53a281c75821e572970329e58.jpg,https://unsplash.com/photos/a-man-and-a-woman-kissing-on-the-street-64B7-b89VaI
Fashion & Beauty,a woman with makeup painted on her face,a_woman_with_makeup_painted_on_her_face_5eca64bca39369cf4a9224e5cc0816fbb079960c.jpg,https://unsplash.com/photos/a-woman-with-makeup-painted-on-her-face-74AMSPIxKvM
People,A person standing on a beach at sunset,A_person_standing_on_a_beach_at_sunset_12c1bd94e99ec18f86d9916560cc64d5d5d5c450.jpg,https://unsplash.com/photos/a-person-standing-on-a-beach-at-sunset-G3TiavJKCpY
People,A man in a suit and tie standing in front of a building,A_man_in_a_suit_and_tie_standing_in_front_of_a_building_6ef5eac04f93e098caf0945d3904d4ceda32830c.jpg,https://unsplash.com/photos/a-man-in-a-suit-and-tie-standing-in-front-of-a-building-gbhQw2UU1Iw
People,A man holding the hand of a little girl on the beach,A_man_holding_the_hand_of_a_little_girl_on_the_beach_eb9ad1b5b02df4b3cc6418eb8061040010440944.jpg,https://unsplash.com/photos/a-man-holding-the-hand-of-a-little-girl-on-the-beach-S7YqBfkUQeA
People,A woman wearing a red beret leaning against a brick wall,A_woman_wearing_a_red_beret_leaning_against_a_brick_wall_b4638574e50b9ddcdbfe2230d0b2a19b1717f532.jpg,https://unsplash.com/photos/a-woman-wearing-a-red-beret-leaning-against-a-brick-wall-5IAuwtHNq2E
People,A man and a woman holding a baby in front of a white wall,A_man_and_a_woman_holding_a_baby_in_front_of_a_white_wall_b2049339b76c73500c25001b4851fec850aabfe5.jpg,https://unsplash.com/photos/a-man-and-a-woman-holding-a-baby-in-front-of-a-white-wall-3RZCPgg1PEU
People,A young girl is looking out of a window,A_young_girl_is_looking_out_of_a_window_2038b2ade2b92df8f7f1c0292603ba1b4acf8147.jpg,https://unsplash.com/photos/a-young-girl-is-looking-out-of-a-window-u5p2R8q6c8Q
People,A man in a coat and tie standing on a golf course,A_man_in_a_coat_and_tie_standing_on_a_golf_course_6090fa5536295b7fa30187a0079f2d554e474e66.jpg,https://unsplash.com/photos/a-man-in-a-coat-and-tie-standing-on-a-golf-course-KRPBjR7lDic
People,A man wearing sunglasses and a blue shirt,A_man_wearing_sunglasses_and_a_blue_shirt_ce0966a3e5fc30ea9a76d9db8705d0d2433b2758.jpg,https://unsplash.com/photos/a-man-wearing-sunglasses-and-a-blue-shirt-uEPeOkN1oOg
People,A person wearing a helmet and gloves standing on a sidewalk,A_person_wearing_a_helmet_and_gloves_standing_on_a_sidewalk_c94e2c4c239793bd6d5cf324f8b9203a7022771b.jpg,https://unsplash.com/photos/a-person-wearing-a-helmet-and-gloves-standing-on-a-sidewalk-yd4daZHEtcA
People,A man in a white suit standing next to a woman in a white dress,A_man_in_a_white_suit_standing_next_to_a_woman_in_a_white_dress_041f80c5118ed78ec9f01bb95d7a72524a1542b6.jpg,https://unsplash.com/photos/a-man-in-a-white-suit-standing-next-to-a-woman-in-a-white-dress-lEolMNFKCUk
People,A close up of a person holding a baby,A_close_up_of_a_person_holding_a_baby_585d1429b0a3cc3e8e4f9cae7d2d4a911f356ae5.jpg,https://unsplash.com/photos/a-close-up-of-a-person-holding-a-baby-NR_biTwkWDo
People,A woman wearing a hat and scarf by a body of water,A_woman_wearing_a_hat_and_scarf_by_a_body_of_water_12f8a604e61276d0665c73b2d39632da3d01d497.jpg,https://unsplash.com/photos/a-woman-wearing-a-hat-and-scarf-by-a-body-of-water-wci3rjmxQ98
People,A man and a woman standing in a field of tall grass,A_man_and_a_woman_standing_in_a_field_of_tall_grass_94e117bb492edc7094c186fbb8ea7e85ddbdfbe7.jpg,https://unsplash.com/photos/a-man-and-a-woman-standing-in-a-field-of-tall-grass-KWVJevJ_sVw
Food & Drink,a tray of cupcakes with frosting on them,a_tray_of_cupcakes_with_frosting_on_them_6554f9dce8391650a7d02c4d1a2ee87a6dd04a4a.jpg,https://unsplash.com/photos/a-tray-of-cupcakes-with-frosting-on-them-tm3v_zA9UP4
People,A man in a black jacket leaning on a wall,A_man_in_a_black_jacket_leaning_on_a_wall_a472f9061e5b251e6f9f4c554f0cdb1817490653.jpg,https://unsplash.com/photos/a-man-in-a-black-jacket-leaning-on-a-wall-GNmqaZMaxIk
Food & Drink,A stack of brownies sitting on top of a wooden cutting board,A_stack_of_brownies_sitting_on_top_of_a_wooden_cutting_board_b4b342aac1299adf7d279368be49c9777d38bf13.jpg,https://unsplash.com/photos/a-stack-of-brownies-sitting-on-top-of-a-wooden-cutting-board-Rdd_iui1O-M
Food & Drink,a glass of wine,a_glass_of_wine_36de83a3da3cf919cbce5ae89dd609fa3b87a875.jpg,https://unsplash.com/photos/a-glass-of-wine-1YQq0IJDhVs
Food & Drink,A pie sitting on top of a table next to cinnamon sticks,A_pie_sitting_on_top_of_a_table_next_to_cinnamon_sticks_fcb181eb5222a1a95897bc6c99f3d7785668a702.jpg,https://unsplash.com/photos/a-pie-sitting-on-top-of-a-table-next-to-cinnamon-sticks-QMN-Laij_5c
Food & Drink,A group of nuts sitting on top of a wooden table,A_group_of_nuts_sitting_on_top_of_a_wooden_table_64164d6bbd3fa28e5d2f05d8373d63276217f377.jpg,https://unsplash.com/photos/a-group-of-nuts-sitting-on-top-of-a-wooden-table-D__k5feBHQ4
Food & Drink,A person holding an ice cream cone in their hand,A_person_holding_an_ice_cream_cone_in_their_hand_037ac2900d3e28238c97914878ed9cbe2cdfdf69.jpg,https://unsplash.com/photos/a-person-holding-an-ice-cream-cone-in-their-hand--jipSM36slk
Photos,pineapple surrounded by citrus fruits,pineapple_surrounded_by_citrus_fruits_d92982c373b0aa9094b0bd93a83809f1f2c51278.jpg,https://unsplash.com/photos/pineapple-surrounded-by-citrus-fruits-kVCRP3uiLiE
Food & Drink,A close up of a plate of food with a spoon,A_close_up_of_a_plate_of_food_with_a_spoon_e779f686796e68b747eeaf42e351dd79e269d9fc.jpg,https://unsplash.com/photos/a-close-up-of-a-plate-of-food-with-a-spoon-xxFMPTeC0GM
